id,Store,Dept,Date,Weekly_Sales,IsHoliday,Type,Size,Temperature,Fuel_Price,MarkDown1,MarkDown2,MarkDown3,MarkDown4,MarkDown5,CPI,Unemployment
1_1,1,1,2010-02-05,24924.5,FALSE,A,151315,42.31,2.572,NA,NA,NA,NA,NA,211.0963582,8.106
1_1,1,1,2010-02-12,46039.49,TRUE,A,151315,38.51,2.548,NA,NA,NA,NA,NA,211.2421698,8.106
1_1,1,1,2010-02-19,41595.55,FALSE,A,151315,39.93,2.514,NA,NA,NA,NA,NA,211.2891429,8.106
1_1,1,1,2010-02-26,19403.54,FALSE,A,151315,46.63,2.561,NA,NA,NA,NA,NA,211.3196429,8.106
1_1,1,1,2010-03-05,21827.9,FALSE,A,151315,46.5,2.625,NA,NA,NA,NA,NA,211.3501429,8.106
1_1,1,1,2010-03-12,21043.39,FALSE,A,151315,57.79,2.667,NA,NA,NA,NA,NA,211.3806429,8.106
1_1,1,1,2010-03-19,22136.64,FALSE,A,151315,54.58,2.72,NA,NA,NA,NA,NA,211.215635,8.106
1_1,1,1,2010-03-26,26229.21,FALSE,A,151315,51.45,2.732,NA,NA,NA,NA,NA,211.0180424,8.106
1_1,1,1,2010-04-02,57258.43,FALSE,A,151315,62.27,2.719,NA,NA,NA,NA,NA,210.8204499,7.808
1_1,1,1,2010-04-09,42960.91,FALSE,A,151315,65.86,2.77,NA,NA,NA,NA,NA,210.6228574,7.808
1_1,1,1,2010-04-16,17596.96,FALSE,A,151315,66.32,2.808,NA,NA,NA,NA,NA,210.4887,7.808
1_1,1,1,2010-04-23,16145.35,FALSE,A,151315,64.84,2.795,NA,NA,NA,NA,NA,210.4391228,7.808
1_1,1,1,2010-04-30,16555.11,FALSE,A,151315,67.41,2.78,NA,NA,NA,NA,NA,210.3895456,7.808
1_1,1,1,2010-05-07,17413.94,FALSE,A,151315,72.55,2.835,NA,NA,NA,NA,NA,210.3399684,7.808
1_1,1,1,2010-05-14,18926.74,FALSE,A,151315,74.78,2.854,NA,NA,NA,NA,NA,210.3374261,7.808
1_1,1,1,2010-05-21,14773.04,FALSE,A,151315,76.44,2.826,NA,NA,NA,NA,NA,210.6170934,7.808
1_1,1,1,2010-05-28,15580.43,FALSE,A,151315,80.44,2.759,NA,NA,NA,NA,NA,210.8967606,7.808
1_1,1,1,2010-06-04,17558.09,FALSE,A,151315,80.69,2.705,NA,NA,NA,NA,NA,211.1764278,7.808
1_1,1,1,2010-06-11,16637.62,FALSE,A,151315,80.43,2.668,NA,NA,NA,NA,NA,211.4560951,7.808
1_1,1,1,2010-06-18,16216.27,FALSE,A,151315,84.11,2.637,NA,NA,NA,NA,NA,211.4537719,7.808
1_1,1,1,2010-06-25,16328.72,FALSE,A,151315,84.34,2.653,NA,NA,NA,NA,NA,211.3386526,7.808
1_1,1,1,2010-07-02,16333.14,FALSE,A,151315,80.91,2.669,NA,NA,NA,NA,NA,211.2235333,7.787
1_1,1,1,2010-07-09,17688.76,FALSE,A,151315,80.48,2.642,NA,NA,NA,NA,NA,211.108414,7.787
1_1,1,1,2010-07-16,17150.84,FALSE,A,151315,83.15,2.623,NA,NA,NA,NA,NA,211.1003854,7.787
1_1,1,1,2010-07-23,15360.45,FALSE,A,151315,83.36,2.608,NA,NA,NA,NA,NA,211.2351443,7.787
1_1,1,1,2010-07-30,15381.82,FALSE,A,151315,81.84,2.64,NA,NA,NA,NA,NA,211.3699032,7.787
1_1,1,1,2010-08-06,17508.41,FALSE,A,151315,87.16,2.627,NA,NA,NA,NA,NA,211.5046621,7.787
1_1,1,1,2010-08-13,15536.4,FALSE,A,151315,87,2.692,NA,NA,NA,NA,NA,211.6394211,7.787
1_1,1,1,2010-08-20,15740.13,FALSE,A,151315,86.65,2.664,NA,NA,NA,NA,NA,211.6033633,7.787
1_1,1,1,2010-08-27,15793.87,FALSE,A,151315,85.22,2.619,NA,NA,NA,NA,NA,211.5673056,7.787
1_1,1,1,2010-09-03,16241.78,FALSE,A,151315,81.21,2.577,NA,NA,NA,NA,NA,211.5312479,7.787
1_1,1,1,2010-09-10,18194.74,TRUE,A,151315,78.69,2.565,NA,NA,NA,NA,NA,211.4951902,7.787
1_1,1,1,2010-09-17,19354.23,FALSE,A,151315,82.11,2.582,NA,NA,NA,NA,NA,211.5224596,7.787
1_1,1,1,2010-09-24,18122.52,FALSE,A,151315,80.94,2.624,NA,NA,NA,NA,NA,211.5972246,7.787
1_1,1,1,2010-10-01,20094.19,FALSE,A,151315,71.89,2.603,NA,NA,NA,NA,NA,211.6719895,7.838
1_1,1,1,2010-10-08,23388.03,FALSE,A,151315,63.93,2.633,NA,NA,NA,NA,NA,211.7467544,7.838
1_1,1,1,2010-10-15,26978.34,FALSE,A,151315,67.18,2.72,NA,NA,NA,NA,NA,211.8137436,7.838
1_1,1,1,2010-10-22,25543.04,FALSE,A,151315,69.86,2.725,NA,NA,NA,NA,NA,211.8612937,7.838
1_1,1,1,2010-10-29,38640.93,FALSE,A,151315,69.64,2.716,NA,NA,NA,NA,NA,211.9088438,7.838
1_1,1,1,2010-11-05,34238.88,FALSE,A,151315,58.74,2.689,NA,NA,NA,NA,NA,211.9563939,7.838
1_1,1,1,2010-11-12,19549.39,FALSE,A,151315,59.61,2.728,NA,NA,NA,NA,NA,212.003944,7.838
1_1,1,1,2010-11-19,19552.84,FALSE,A,151315,51.41,2.771,NA,NA,NA,NA,NA,211.8896737,7.838
1_1,1,1,2010-11-26,18820.29,TRUE,A,151315,64.52,2.735,NA,NA,NA,NA,NA,211.7484333,7.838
1_1,1,1,2010-12-03,22517.56,FALSE,A,151315,49.27,2.708,NA,NA,NA,NA,NA,211.607193,7.838
1_1,1,1,2010-12-10,31497.65,FALSE,A,151315,46.33,2.843,NA,NA,NA,NA,NA,211.4659526,7.838
1_1,1,1,2010-12-17,44912.86,FALSE,A,151315,49.84,2.869,NA,NA,NA,NA,NA,211.4053124,7.838
1_1,1,1,2010-12-24,55931.23,FALSE,A,151315,52.33,2.886,NA,NA,NA,NA,NA,211.4051222,7.838
1_1,1,1,2010-12-31,19124.58,TRUE,A,151315,48.43,2.943,NA,NA,NA,NA,NA,211.4049321,7.838
1_1,1,1,2011-01-07,15984.24,FALSE,A,151315,48.27,2.976,NA,NA,NA,NA,NA,211.4047419,7.742
1_1,1,1,2011-01-14,17359.7,FALSE,A,151315,35.4,2.983,NA,NA,NA,NA,NA,211.4574109,7.742
1_1,1,1,2011-01-21,17341.47,FALSE,A,151315,44.04,3.016,NA,NA,NA,NA,NA,211.8272343,7.742
1_1,1,1,2011-01-28,18461.18,FALSE,A,151315,43.83,3.01,NA,NA,NA,NA,NA,212.1970577,7.742
1_1,1,1,2011-02-04,21665.76,FALSE,A,151315,42.27,2.989,NA,NA,NA,NA,NA,212.5668812,7.742
1_1,1,1,2011-02-11,37887.17,TRUE,A,151315,36.39,3.022,NA,NA,NA,NA,NA,212.9367046,7.742
1_1,1,1,2011-02-18,46845.87,FALSE,A,151315,57.36,3.045,NA,NA,NA,NA,NA,213.2478853,7.742
1_1,1,1,2011-02-25,19363.83,FALSE,A,151315,62.9,3.065,NA,NA,NA,NA,NA,213.535609,7.742
1_1,1,1,2011-03-04,20327.61,FALSE,A,151315,59.58,3.288,NA,NA,NA,NA,NA,213.8233327,7.742
1_1,1,1,2011-03-11,21280.4,FALSE,A,151315,53.56,3.459,NA,NA,NA,NA,NA,214.1110564,7.742
1_1,1,1,2011-03-18,20334.23,FALSE,A,151315,62.76,3.488,NA,NA,NA,NA,NA,214.3627114,7.742
1_1,1,1,2011-03-25,20881.1,FALSE,A,151315,69.97,3.473,NA,NA,NA,NA,NA,214.5999389,7.742
1_1,1,1,2011-04-01,20398.09,FALSE,A,151315,59.17,3.524,NA,NA,NA,NA,NA,214.8371664,7.682
1_1,1,1,2011-04-08,23873.79,FALSE,A,151315,67.84,3.622,NA,NA,NA,NA,NA,215.0743939,7.682
1_1,1,1,2011-04-15,28762.37,FALSE,A,151315,71.27,3.743,NA,NA,NA,NA,NA,215.2918561,7.682
1_1,1,1,2011-04-22,50510.31,FALSE,A,151315,72.99,3.807,NA,NA,NA,NA,NA,215.4599053,7.682
1_1,1,1,2011-04-29,41512.39,FALSE,A,151315,72.03,3.81,NA,NA,NA,NA,NA,215.6279544,7.682
1_1,1,1,2011-05-06,20138.19,FALSE,A,151315,64.61,3.906,NA,NA,NA,NA,NA,215.7960035,7.682
1_1,1,1,2011-05-13,17235.15,FALSE,A,151315,75.64,3.899,NA,NA,NA,NA,NA,215.9640526,7.682
1_1,1,1,2011-05-20,15136.78,FALSE,A,151315,67.63,3.907,NA,NA,NA,NA,NA,215.7339202,7.682
1_1,1,1,2011-05-27,15741.6,FALSE,A,151315,77.72,3.786,NA,NA,NA,NA,NA,215.5037878,7.682
1_1,1,1,2011-06-03,16434.15,FALSE,A,151315,83,3.699,NA,NA,NA,NA,NA,215.2736553,7.682
1_1,1,1,2011-06-10,15883.52,FALSE,A,151315,83.13,3.648,NA,NA,NA,NA,NA,215.0435229,7.682
1_1,1,1,2011-06-17,14978.09,FALSE,A,151315,86.41,3.637,NA,NA,NA,NA,NA,214.9980596,7.682
1_1,1,1,2011-06-24,15682.81,FALSE,A,151315,83.58,3.594,NA,NA,NA,NA,NA,215.0910982,7.682
1_1,1,1,2011-07-01,15363.5,FALSE,A,151315,85.55,3.524,NA,NA,NA,NA,NA,215.1841368,7.962
1_1,1,1,2011-07-08,16148.87,FALSE,A,151315,85.83,3.48,NA,NA,NA,NA,NA,215.2771754,7.962
1_1,1,1,2011-07-15,15654.85,FALSE,A,151315,88.54,3.575,NA,NA,NA,NA,NA,215.3611087,7.962
1_1,1,1,2011-07-22,15766.6,FALSE,A,151315,85.77,3.651,NA,NA,NA,NA,NA,215.4222784,7.962
1_1,1,1,2011-07-29,15922.41,FALSE,A,151315,86.83,3.682,NA,NA,NA,NA,NA,215.4834482,7.962
1_1,1,1,2011-08-05,15295.55,FALSE,A,151315,91.65,3.684,NA,NA,NA,NA,NA,215.544618,7.962
1_1,1,1,2011-08-12,14539.79,FALSE,A,151315,90.76,3.638,NA,NA,NA,NA,NA,215.6057878,7.962
1_1,1,1,2011-08-19,14689.24,FALSE,A,151315,89.94,3.554,NA,NA,NA,NA,NA,215.6693107,7.962
1_1,1,1,2011-08-26,14537.37,FALSE,A,151315,87.96,3.523,NA,NA,NA,NA,NA,215.7332258,7.962
1_1,1,1,2011-09-02,15277.27,FALSE,A,151315,87.83,3.533,NA,NA,NA,NA,NA,215.7971409,7.962
1_1,1,1,2011-09-09,17746.68,TRUE,A,151315,76,3.546,NA,NA,NA,NA,NA,215.861056,7.962
1_1,1,1,2011-09-16,18535.48,FALSE,A,151315,79.94,3.526,NA,NA,NA,NA,NA,216.0410526,7.962
1_1,1,1,2011-09-23,17859.3,FALSE,A,151315,75.8,3.467,NA,NA,NA,NA,NA,216.3758246,7.962
1_1,1,1,2011-09-30,18337.68,FALSE,A,151315,79.69,3.355,NA,NA,NA,NA,NA,216.7105965,7.962
1_1,1,1,2011-10-07,20797.58,FALSE,A,151315,69.31,3.285,NA,NA,NA,NA,NA,217.0453684,7.866
1_1,1,1,2011-10-14,23077.55,FALSE,A,151315,71.74,3.274,NA,NA,NA,NA,NA,217.3552733,7.866
1_1,1,1,2011-10-21,23351.8,FALSE,A,151315,63.71,3.353,NA,NA,NA,NA,NA,217.5159762,7.866
1_1,1,1,2011-10-28,31579.9,FALSE,A,151315,66.57,3.372,NA,NA,NA,NA,NA,217.6766791,7.866
1_1,1,1,2011-11-04,39886.06,FALSE,A,151315,54.98,3.332,NA,NA,NA,NA,NA,217.837382,7.866
1_1,1,1,2011-11-11,18689.54,FALSE,A,151315,59.11,3.297,10382.9,6115.67,215.07,2406.62,6551.42,217.9980849,7.866
1_1,1,1,2011-11-18,19050.66,FALSE,A,151315,62.25,3.308,6074.12,254.39,51.98,427.39,5988.57,218.2205088,7.866
1_1,1,1,2011-11-25,20911.25,TRUE,A,151315,60.14,3.236,410.31,98,55805.51,8,554.92,218.4676211,7.866
1_1,1,1,2011-12-02,25293.49,FALSE,A,151315,48.91,3.172,5629.51,68,1398.11,2084.64,20475.32,218.7147333,7.866
1_1,1,1,2011-12-09,33305.92,FALSE,A,151315,43.93,3.158,4640.65,19,105.02,3639.42,14461.82,218.9618456,7.866
1_1,1,1,2011-12-16,45773.03,FALSE,A,151315,51.63,3.159,5011.32,67,347.37,225.79,4011.37,219.1794533,7.866
1_1,1,1,2011-12-23,46788.75,FALSE,A,151315,47.96,3.112,2725.36,40.48,634.7,24.9,2739.43,219.3577216,7.866
1_1,1,1,2011-12-30,23350.88,TRUE,A,151315,44.55,3.129,5762.1,46011.38,260.36,983.65,4735.78,219.5359898,7.866
1_1,1,1,2012-01-06,16567.69,FALSE,A,151315,49.01,3.157,6277.39,21813.16,143.1,1450.13,8483,219.7142581,7.348
1_1,1,1,2012-01-13,16894.4,FALSE,A,151315,48.53,3.261,5183.29,8025.87,42.24,453.08,3719.38,219.8925263,7.348
1_1,1,1,2012-01-20,18365.1,FALSE,A,151315,54.11,3.268,4139.87,2807.19,33.88,500.62,3400.21,219.9856893,7.348
1_1,1,1,2012-01-27,18378.16,FALSE,A,151315,54.26,3.29,1164.46,1082.74,44,11,1222.19,220.0788523,7.348
1_1,1,1,2012-02-03,23510.49,FALSE,A,151315,56.55,3.36,34577.06,3579.21,160.53,32403.87,5630.4,220.1720153,7.348
1_1,1,1,2012-02-10,36988.49,TRUE,A,151315,48.02,3.409,13925.06,6927.23,101.64,8471.88,6886.04,220.2651783,7.348
1_1,1,1,2012-02-17,54060.1,FALSE,A,151315,45.32,3.51,9873.33,11062.27,9.8,8409.31,3402.66,220.4257586,7.348
1_1,1,1,2012-02-24,20124.22,FALSE,A,151315,57.25,3.555,9349.61,7556.01,3.2,1219.92,8143.59,220.636902,7.348
1_1,1,1,2012-03-02,20113.03,FALSE,A,151315,60.96,3.63,15441.4,1569,10.8,25390.88,8067.61,220.8480454,7.348
1_1,1,1,2012-03-09,21140.07,FALSE,A,151315,58.76,3.669,10331.04,151.88,6,671.43,5509.84,221.0591887,7.348
1_1,1,1,2012-03-16,22366.88,FALSE,A,151315,64.74,3.734,4298.16,7.5,2.02,2724.65,2017.69,221.2118132,7.348
1_1,1,1,2012-03-23,22107.7,FALSE,A,151315,65.93,3.787,6118.56,9.48,4.97,426.72,3657.22,221.2864126,7.348
1_1,1,1,2012-03-30,28952.86,FALSE,A,151315,67.61,3.845,10309.58,0.5,10.25,1654.17,2642.78,221.3610119,7.348
1_1,1,1,2012-04-06,57592.12,FALSE,A,151315,70.43,3.891,10121.97,NA,77.98,3750.59,4510.72,221.4356112,7.143
1_1,1,1,2012-04-13,34684.21,FALSE,A,151315,69.07,3.891,6186.19,3288.69,17.07,1822.55,1063.78,221.5102105,7.143
1_1,1,1,2012-04-20,16976.19,FALSE,A,151315,66.76,3.877,2230.8,612.02,19.75,275.13,5747.1,221.5640737,7.143
1_1,1,1,2012-04-27,16347.6,FALSE,A,151315,67.23,3.814,3221.25,NA,35.49,577.14,6222.25,221.6179368,7.143
1_1,1,1,2012-05-04,17147.44,FALSE,A,151315,75.55,3.749,21290.13,NA,69.89,4977.35,3261.04,221.6718,7.143
1_1,1,1,2012-05-11,18164.2,FALSE,A,151315,73.77,3.688,8351.4,NA,10.52,2443.14,3127.88,221.7256632,7.143
1_1,1,1,2012-05-18,18517.79,FALSE,A,151315,70.33,3.63,6154.14,NA,45.11,1675.49,5508.18,221.742674,7.143
1_1,1,1,2012-05-25,16963.55,FALSE,A,151315,77.22,3.561,4039.39,NA,745.19,1429.96,3631.13,221.744944,7.143
1_1,1,1,2012-06-01,16065.49,FALSE,A,151315,77.95,3.501,6086.21,12,370.51,148.75,3690.85,221.7472139,7.143
1_1,1,1,2012-06-08,17666,FALSE,A,151315,78.3,3.452,8813.81,116.8,64.55,2652.04,7161.91,221.7494839,7.143
1_1,1,1,2012-06-15,17558.82,FALSE,A,151315,79.35,3.393,5621.99,109.6,0.25,2420.28,3083.26,221.7626421,7.143
1_1,1,1,2012-06-22,16633.41,FALSE,A,151315,78.39,3.346,8624.56,171.25,3.05,2524.07,7063.68,221.8030211,7.143
1_1,1,1,2012-06-29,15722.82,FALSE,A,151315,84.88,3.286,3965.73,161.6,NA,435.99,4212.97,221.8434,7.143
1_1,1,1,2012-07-06,17823.37,FALSE,A,151315,81.57,3.227,12218.76,94.4,192.83,4066.01,6149.04,221.8837789,6.908
1_1,1,1,2012-07-13,16566.18,FALSE,A,151315,77.12,3.256,7218.13,45.2,36.24,3909.38,2596.37,221.9241579,6.908
1_1,1,1,2012-07-20,16348.06,FALSE,A,151315,80.42,3.311,3213,313.72,9.53,2262.02,3228.19,221.9327267,6.908
1_1,1,1,2012-07-27,15731.18,FALSE,A,151315,82.66,3.407,7146.9,389.02,1.59,10267.54,4325.19,221.9412954,6.908
1_1,1,1,2012-08-03,16628.31,FALSE,A,151315,86.11,3.417,27584.78,119.98,30.23,12007.04,4661.71,221.9498642,6.908
1_1,1,1,2012-08-10,16119.92,FALSE,A,151315,85.05,3.494,11436.22,245,6.85,6964.26,4836.22,221.9584329,6.908
1_1,1,1,2012-08-17,17330.7,FALSE,A,151315,84.85,3.571,3662.06,137.86,4.84,2752.2,3446.15,222.0384109,6.908
1_1,1,1,2012-08-24,16286.4,FALSE,A,151315,77.66,3.62,6237.83,260.06,2.97,3463.03,7988.25,222.1719457,6.908
1_1,1,1,2012-08-31,16680.24,FALSE,A,151315,80.49,3.638,21442.73,102.32,21.7,13209.64,3032.96,222.3054805,6.908
1_1,1,1,2012-09-07,18322.37,TRUE,A,151315,83.96,3.73,5204.68,35.74,50.94,4120.32,2737.17,222.4390153,6.908
1_1,1,1,2012-09-14,19616.22,FALSE,A,151315,74.97,3.717,17212.52,7,18.79,1523.11,7992.72,222.5820193,6.908
1_1,1,1,2012-09-21,19251.5,FALSE,A,151315,69.87,3.721,6352.3,7.64,4.69,1010.06,6456.71,222.7818386,6.908
1_1,1,1,2012-09-28,18947.81,FALSE,A,151315,76.08,3.666,3666.27,7.64,1.65,1417.96,4744.28,222.9816579,6.908
1_1,1,1,2012-10-05,21904.47,FALSE,A,151315,68.55,3.617,8077.89,NA,18.22,3617.43,3626.14,223.1814772,6.573
1_1,1,1,2012-10-12,22764.01,FALSE,A,151315,62.99,3.601,2086.18,NA,8.11,602.36,5926.45,223.3812965,6.573
1_1,1,1,2012-10-19,24185.27,FALSE,A,151315,67.97,3.594,950.33,NA,4.93,80.25,2312.85,223.4257233,6.573
1_1,1,1,2012-10-26,27390.81,FALSE,A,151315,69.16,3.506,2585.85,31.75,6,1057.16,1305.01,223.4442513,6.573
1_3,1,3,2010-02-05,13740.12,FALSE,A,151315,42.31,2.572,NA,NA,NA,NA,NA,211.0963582,8.106
1_3,1,3,2010-02-12,10887.84,TRUE,A,151315,38.51,2.548,NA,NA,NA,NA,NA,211.2421698,8.106
1_3,1,3,2010-02-19,11523.47,FALSE,A,151315,39.93,2.514,NA,NA,NA,NA,NA,211.2891429,8.106
1_3,1,3,2010-02-26,11135.17,FALSE,A,151315,46.63,2.561,NA,NA,NA,NA,NA,211.3196429,8.106
1_3,1,3,2010-03-05,12275.58,FALSE,A,151315,46.5,2.625,NA,NA,NA,NA,NA,211.3501429,8.106
1_3,1,3,2010-03-12,10123.45,FALSE,A,151315,57.79,2.667,NA,NA,NA,NA,NA,211.3806429,8.106
1_3,1,3,2010-03-19,9001.37,FALSE,A,151315,54.58,2.72,NA,NA,NA,NA,NA,211.215635,8.106
1_3,1,3,2010-03-26,10366.85,FALSE,A,151315,51.45,2.732,NA,NA,NA,NA,NA,211.0180424,8.106
1_3,1,3,2010-04-02,11157.08,FALSE,A,151315,62.27,2.719,NA,NA,NA,NA,NA,210.8204499,7.808
1_3,1,3,2010-04-09,10179.29,FALSE,A,151315,65.86,2.77,NA,NA,NA,NA,NA,210.6228574,7.808
1_3,1,3,2010-04-16,9226.8,FALSE,A,151315,66.32,2.808,NA,NA,NA,NA,NA,210.4887,7.808
1_3,1,3,2010-04-23,8868.93,FALSE,A,151315,64.84,2.795,NA,NA,NA,NA,NA,210.4391228,7.808
1_3,1,3,2010-04-30,9337.44,FALSE,A,151315,67.41,2.78,NA,NA,NA,NA,NA,210.3895456,7.808
1_3,1,3,2010-05-07,9372.8,FALSE,A,151315,72.55,2.835,NA,NA,NA,NA,NA,210.3399684,7.808
1_3,1,3,2010-05-14,7919.86,FALSE,A,151315,74.78,2.854,NA,NA,NA,NA,NA,210.3374261,7.808
1_3,1,3,2010-05-21,7813.91,FALSE,A,151315,76.44,2.826,NA,NA,NA,NA,NA,210.6170934,7.808
1_3,1,3,2010-05-28,8412.69,FALSE,A,151315,80.44,2.759,NA,NA,NA,NA,NA,210.8967606,7.808
1_3,1,3,2010-06-04,8001.41,FALSE,A,151315,80.69,2.705,NA,NA,NA,NA,NA,211.1764278,7.808
1_3,1,3,2010-06-11,7742.75,FALSE,A,151315,80.43,2.668,NA,NA,NA,NA,NA,211.4560951,7.808
1_3,1,3,2010-06-18,8201.06,FALSE,A,151315,84.11,2.637,NA,NA,NA,NA,NA,211.4537719,7.808
1_3,1,3,2010-06-25,6591.22,FALSE,A,151315,84.34,2.653,NA,NA,NA,NA,NA,211.3386526,7.808
1_3,1,3,2010-07-02,7857.88,FALSE,A,151315,80.91,2.669,NA,NA,NA,NA,NA,211.2235333,7.787
1_3,1,3,2010-07-09,8112.67,FALSE,A,151315,80.48,2.642,NA,NA,NA,NA,NA,211.108414,7.787
1_3,1,3,2010-07-16,13751.3,FALSE,A,151315,83.15,2.623,NA,NA,NA,NA,NA,211.1003854,7.787
1_3,1,3,2010-07-23,16930.62,FALSE,A,151315,83.36,2.608,NA,NA,NA,NA,NA,211.2351443,7.787
1_3,1,3,2010-07-30,20915.95,FALSE,A,151315,81.84,2.64,NA,NA,NA,NA,NA,211.3699032,7.787
1_3,1,3,2010-08-06,26719.02,FALSE,A,151315,87.16,2.627,NA,NA,NA,NA,NA,211.5046621,7.787
1_3,1,3,2010-08-13,30640.54,FALSE,A,151315,87,2.692,NA,NA,NA,NA,NA,211.6394211,7.787
1_3,1,3,2010-08-20,41101.93,FALSE,A,151315,86.65,2.664,NA,NA,NA,NA,NA,211.6033633,7.787
1_3,1,3,2010-08-27,51159.17,FALSE,A,151315,85.22,2.619,NA,NA,NA,NA,NA,211.5673056,7.787
1_3,1,3,2010-09-03,19081.8,FALSE,A,151315,81.21,2.577,NA,NA,NA,NA,NA,211.5312479,7.787
1_3,1,3,2010-09-10,12134.69,TRUE,A,151315,78.69,2.565,NA,NA,NA,NA,NA,211.4951902,7.787
1_3,1,3,2010-09-17,10722.46,FALSE,A,151315,82.11,2.582,NA,NA,NA,NA,NA,211.5224596,7.787
1_3,1,3,2010-09-24,8097.92,FALSE,A,151315,80.94,2.624,NA,NA,NA,NA,NA,211.5972246,7.787
1_3,1,3,2010-10-01,9775.17,FALSE,A,151315,71.89,2.603,NA,NA,NA,NA,NA,211.6719895,7.838
1_3,1,3,2010-10-08,10081.8,FALSE,A,151315,63.93,2.633,NA,NA,NA,NA,NA,211.7467544,7.838
1_3,1,3,2010-10-15,9735.73,FALSE,A,151315,67.18,2.72,NA,NA,NA,NA,NA,211.8137436,7.838
1_3,1,3,2010-10-22,8614.41,FALSE,A,151315,69.86,2.725,NA,NA,NA,NA,NA,211.8612937,7.838
1_3,1,3,2010-10-29,9283.09,FALSE,A,151315,69.64,2.716,NA,NA,NA,NA,NA,211.9088438,7.838
1_3,1,3,2010-11-05,9825.22,FALSE,A,151315,58.74,2.689,NA,NA,NA,NA,NA,211.9563939,7.838
1_3,1,3,2010-11-12,9146.77,FALSE,A,151315,59.61,2.728,NA,NA,NA,NA,NA,212.003944,7.838
1_3,1,3,2010-11-19,9202.11,FALSE,A,151315,51.41,2.771,NA,NA,NA,NA,NA,211.8896737,7.838
1_3,1,3,2010-11-26,10706.81,TRUE,A,151315,64.52,2.735,NA,NA,NA,NA,NA,211.7484333,7.838
1_3,1,3,2010-12-03,10856.85,FALSE,A,151315,49.27,2.708,NA,NA,NA,NA,NA,211.607193,7.838
1_3,1,3,2010-12-10,11219.78,FALSE,A,151315,46.33,2.843,NA,NA,NA,NA,NA,211.4659526,7.838
1_3,1,3,2010-12-17,11986.84,FALSE,A,151315,49.84,2.869,NA,NA,NA,NA,NA,211.4053124,7.838
1_3,1,3,2010-12-24,12080.36,FALSE,A,151315,52.33,2.886,NA,NA,NA,NA,NA,211.4051222,7.838
1_3,1,3,2010-12-31,8266.14,TRUE,A,151315,48.43,2.943,NA,NA,NA,NA,NA,211.4049321,7.838
1_3,1,3,2011-01-07,15808.15,FALSE,A,151315,48.27,2.976,NA,NA,NA,NA,NA,211.4047419,7.742
1_3,1,3,2011-01-14,13275.87,FALSE,A,151315,35.4,2.983,NA,NA,NA,NA,NA,211.4574109,7.742
1_3,1,3,2011-01-21,12532.94,FALSE,A,151315,44.04,3.016,NA,NA,NA,NA,NA,211.8272343,7.742
1_3,1,3,2011-01-28,11983.34,FALSE,A,151315,43.83,3.01,NA,NA,NA,NA,NA,212.1970577,7.742
1_3,1,3,2011-02-04,11012.52,FALSE,A,151315,42.27,2.989,NA,NA,NA,NA,NA,212.5668812,7.742
1_3,1,3,2011-02-11,11428.25,TRUE,A,151315,36.39,3.022,NA,NA,NA,NA,NA,212.9367046,7.742
1_3,1,3,2011-02-18,11724.98,FALSE,A,151315,57.36,3.045,NA,NA,NA,NA,NA,213.2478853,7.742
1_3,1,3,2011-02-25,10473.78,FALSE,A,151315,62.9,3.065,NA,NA,NA,NA,NA,213.535609,7.742
1_3,1,3,2011-03-04,11039.12,FALSE,A,151315,59.58,3.288,NA,NA,NA,NA,NA,213.8233327,7.742
1_3,1,3,2011-03-11,10689.97,FALSE,A,151315,53.56,3.459,NA,NA,NA,NA,NA,214.1110564,7.742
1_3,1,3,2011-03-18,8148.69,FALSE,A,151315,62.76,3.488,NA,NA,NA,NA,NA,214.3627114,7.742
1_3,1,3,2011-03-25,9049.02,FALSE,A,151315,69.97,3.473,NA,NA,NA,NA,NA,214.5999389,7.742
1_3,1,3,2011-04-01,8734.19,FALSE,A,151315,59.17,3.524,NA,NA,NA,NA,NA,214.8371664,7.682
1_3,1,3,2011-04-08,10417.33,FALSE,A,151315,67.84,3.622,NA,NA,NA,NA,NA,215.0743939,7.682
1_3,1,3,2011-04-15,8212.97,FALSE,A,151315,71.27,3.743,NA,NA,NA,NA,NA,215.2918561,7.682
1_3,1,3,2011-04-22,8468.72,FALSE,A,151315,72.99,3.807,NA,NA,NA,NA,NA,215.4599053,7.682
1_3,1,3,2011-04-29,8653.62,FALSE,A,151315,72.03,3.81,NA,NA,NA,NA,NA,215.6279544,7.682
1_3,1,3,2011-05-06,10420.92,FALSE,A,151315,64.61,3.906,NA,NA,NA,NA,NA,215.7960035,7.682
1_3,1,3,2011-05-13,8732.46,FALSE,A,151315,75.64,3.899,NA,NA,NA,NA,NA,215.9640526,7.682
1_3,1,3,2011-05-20,7939.01,FALSE,A,151315,67.63,3.907,NA,NA,NA,NA,NA,215.7339202,7.682
1_3,1,3,2011-05-27,8120.7,FALSE,A,151315,77.72,3.786,NA,NA,NA,NA,NA,215.5037878,7.682
1_3,1,3,2011-06-03,8853.89,FALSE,A,151315,83,3.699,NA,NA,NA,NA,NA,215.2736553,7.682
1_3,1,3,2011-06-10,7508.71,FALSE,A,151315,83.13,3.648,NA,NA,NA,NA,NA,215.0435229,7.682
1_3,1,3,2011-06-17,7658.75,FALSE,A,151315,86.41,3.637,NA,NA,NA,NA,NA,214.9980596,7.682
1_3,1,3,2011-06-24,6165.73,FALSE,A,151315,83.58,3.594,NA,NA,NA,NA,NA,215.0910982,7.682
1_3,1,3,2011-07-01,8070.64,FALSE,A,151315,85.55,3.524,NA,NA,NA,NA,NA,215.1841368,7.962
1_3,1,3,2011-07-08,7366.5,FALSE,A,151315,85.83,3.48,NA,NA,NA,NA,NA,215.2771754,7.962
1_3,1,3,2011-07-15,11578.11,FALSE,A,151315,88.54,3.575,NA,NA,NA,NA,NA,215.3611087,7.962
1_3,1,3,2011-07-22,16069.5,FALSE,A,151315,85.77,3.651,NA,NA,NA,NA,NA,215.4222784,7.962
1_3,1,3,2011-07-29,21331.51,FALSE,A,151315,86.83,3.682,NA,NA,NA,NA,NA,215.4834482,7.962
1_3,1,3,2011-08-05,31248.98,FALSE,A,151315,91.65,3.684,NA,NA,NA,NA,NA,215.544618,7.962
1_3,1,3,2011-08-12,32148.93,FALSE,A,151315,90.76,3.638,NA,NA,NA,NA,NA,215.6057878,7.962
1_3,1,3,2011-08-19,41603.11,FALSE,A,151315,89.94,3.554,NA,NA,NA,NA,NA,215.6693107,7.962
1_3,1,3,2011-08-26,49775.52,FALSE,A,151315,87.96,3.523,NA,NA,NA,NA,NA,215.7332258,7.962
1_3,1,3,2011-09-02,19604.47,FALSE,A,151315,87.83,3.533,NA,NA,NA,NA,NA,215.7971409,7.962
1_3,1,3,2011-09-09,12778.28,TRUE,A,151315,76,3.546,NA,NA,NA,NA,NA,215.861056,7.962
1_3,1,3,2011-09-16,10412.88,FALSE,A,151315,79.94,3.526,NA,NA,NA,NA,NA,216.0410526,7.962
1_3,1,3,2011-09-23,9755.56,FALSE,A,151315,75.8,3.467,NA,NA,NA,NA,NA,216.3758246,7.962
1_3,1,3,2011-09-30,10434.83,FALSE,A,151315,79.69,3.355,NA,NA,NA,NA,NA,216.7105965,7.962
1_3,1,3,2011-10-07,9977.96,FALSE,A,151315,69.31,3.285,NA,NA,NA,NA,NA,217.0453684,7.866
1_3,1,3,2011-10-14,9870.22,FALSE,A,151315,71.74,3.274,NA,NA,NA,NA,NA,217.3552733,7.866
1_3,1,3,2011-10-21,10136.78,FALSE,A,151315,63.71,3.353,NA,NA,NA,NA,NA,217.5159762,7.866
1_3,1,3,2011-10-28,9421.2,FALSE,A,151315,66.57,3.372,NA,NA,NA,NA,NA,217.6766791,7.866
1_3,1,3,2011-11-04,9189.2,FALSE,A,151315,54.98,3.332,NA,NA,NA,NA,NA,217.837382,7.866
1_3,1,3,2011-11-11,9959.64,FALSE,A,151315,59.11,3.297,10382.9,6115.67,215.07,2406.62,6551.42,217.9980849,7.866
1_3,1,3,2011-11-18,10104.36,FALSE,A,151315,62.25,3.308,6074.12,254.39,51.98,427.39,5988.57,218.2205088,7.866
1_3,1,3,2011-11-25,9317.56,TRUE,A,151315,60.14,3.236,410.31,98,55805.51,8,554.92,218.4676211,7.866
1_3,1,3,2011-12-02,10146.54,FALSE,A,151315,48.91,3.172,5629.51,68,1398.11,2084.64,20475.32,218.7147333,7.866
1_3,1,3,2011-12-09,12955.55,FALSE,A,151315,43.93,3.158,4640.65,19,105.02,3639.42,14461.82,218.9618456,7.866
1_3,1,3,2011-12-16,13180.05,FALSE,A,151315,51.63,3.159,5011.32,67,347.37,225.79,4011.37,219.1794533,7.866
1_3,1,3,2011-12-23,13667.88,FALSE,A,151315,47.96,3.112,2725.36,40.48,634.7,24.9,2739.43,219.3577216,7.866
1_3,1,3,2011-12-30,8848.44,TRUE,A,151315,44.55,3.129,5762.1,46011.38,260.36,983.65,4735.78,219.5359898,7.866
1_3,1,3,2012-01-06,13926.04,FALSE,A,151315,49.01,3.157,6277.39,21813.16,143.1,1450.13,8483,219.7142581,7.348
1_3,1,3,2012-01-13,13822.49,FALSE,A,151315,48.53,3.261,5183.29,8025.87,42.24,453.08,3719.38,219.8925263,7.348
1_3,1,3,2012-01-20,11702.08,FALSE,A,151315,54.11,3.268,4139.87,2807.19,33.88,500.62,3400.21,219.9856893,7.348
1_3,1,3,2012-01-27,10613.17,FALSE,A,151315,54.26,3.29,1164.46,1082.74,44,11,1222.19,220.0788523,7.348
1_3,1,3,2012-02-03,12485.78,FALSE,A,151315,56.55,3.36,34577.06,3579.21,160.53,32403.87,5630.4,220.1720153,7.348
1_3,1,3,2012-02-10,12388.85,TRUE,A,151315,48.02,3.409,13925.06,6927.23,101.64,8471.88,6886.04,220.2651783,7.348
1_3,1,3,2012-02-17,10237.78,FALSE,A,151315,45.32,3.51,9873.33,11062.27,9.8,8409.31,3402.66,220.4257586,7.348
1_3,1,3,2012-02-24,10502.4,FALSE,A,151315,57.25,3.555,9349.61,7556.01,3.2,1219.92,8143.59,220.636902,7.348
1_3,1,3,2012-03-02,11387.31,FALSE,A,151315,60.96,3.63,15441.4,1569,10.8,25390.88,8067.61,220.8480454,7.348
1_3,1,3,2012-03-09,11925.71,FALSE,A,151315,58.76,3.669,10331.04,151.88,6,671.43,5509.84,221.0591887,7.348
1_3,1,3,2012-03-16,8845.73,FALSE,A,151315,64.74,3.734,4298.16,7.5,2.02,2724.65,2017.69,221.2118132,7.348
1_3,1,3,2012-03-23,7910.22,FALSE,A,151315,65.93,3.787,6118.56,9.48,4.97,426.72,3657.22,221.2864126,7.348
1_3,1,3,2012-03-30,9129.23,FALSE,A,151315,67.61,3.845,10309.58,0.5,10.25,1654.17,2642.78,221.3610119,7.348
1_3,1,3,2012-04-06,9335.24,FALSE,A,151315,70.43,3.891,10121.97,NA,77.98,3750.59,4510.72,221.4356112,7.143
1_3,1,3,2012-04-13,7927.73,FALSE,A,151315,69.07,3.891,6186.19,3288.69,17.07,1822.55,1063.78,221.5102105,7.143
1_3,1,3,2012-04-20,8647.36,FALSE,A,151315,66.76,3.877,2230.8,612.02,19.75,275.13,5747.1,221.5640737,7.143
1_3,1,3,2012-04-27,8635.62,FALSE,A,151315,67.23,3.814,3221.25,NA,35.49,577.14,6222.25,221.6179368,7.143
1_3,1,3,2012-05-04,10655.35,FALSE,A,151315,75.55,3.749,21290.13,NA,69.89,4977.35,3261.04,221.6718,7.143
1_3,1,3,2012-05-11,10342.72,FALSE,A,151315,73.77,3.688,8351.4,NA,10.52,2443.14,3127.88,221.7256632,7.143
1_3,1,3,2012-05-18,8609.82,FALSE,A,151315,70.33,3.63,6154.14,NA,45.11,1675.49,5508.18,221.742674,7.143
1_3,1,3,2012-05-25,8345.33,FALSE,A,151315,77.22,3.561,4039.39,NA,745.19,1429.96,3631.13,221.744944,7.143
1_3,1,3,2012-06-01,7175.77,FALSE,A,151315,77.95,3.501,6086.21,12,370.51,148.75,3690.85,221.7472139,7.143
1_3,1,3,2012-06-08,8614.64,FALSE,A,151315,78.3,3.452,8813.81,116.8,64.55,2652.04,7161.91,221.7494839,7.143
1_3,1,3,2012-06-15,8016.26,FALSE,A,151315,79.35,3.393,5621.99,109.6,0.25,2420.28,3083.26,221.7626421,7.143
1_3,1,3,2012-06-22,7301.41,FALSE,A,151315,78.39,3.346,8624.56,171.25,3.05,2524.07,7063.68,221.8030211,7.143
1_3,1,3,2012-06-29,7577.59,FALSE,A,151315,84.88,3.286,3965.73,161.6,NA,435.99,4212.97,221.8434,7.143
1_3,1,3,2012-07-06,8473.71,FALSE,A,151315,81.57,3.227,12218.76,94.4,192.83,4066.01,6149.04,221.8837789,6.908
1_3,1,3,2012-07-13,13126.15,FALSE,A,151315,77.12,3.256,7218.13,45.2,36.24,3909.38,2596.37,221.9241579,6.908
1_3,1,3,2012-07-20,20126.95,FALSE,A,151315,80.42,3.311,3213,313.72,9.53,2262.02,3228.19,221.9327267,6.908
1_3,1,3,2012-07-27,22716.7,FALSE,A,151315,82.66,3.407,7146.9,389.02,1.59,10267.54,4325.19,221.9412954,6.908
1_3,1,3,2012-08-03,30331.69,FALSE,A,151315,86.11,3.417,27584.78,119.98,30.23,12007.04,4661.71,221.9498642,6.908
1_3,1,3,2012-08-10,28257.3,FALSE,A,151315,85.05,3.494,11436.22,245,6.85,6964.26,4836.22,221.9584329,6.908
1_3,1,3,2012-08-17,31905.97,FALSE,A,151315,84.85,3.571,3662.06,137.86,4.84,2752.2,3446.15,222.0384109,6.908
1_3,1,3,2012-08-24,43712.78,FALSE,A,151315,77.66,3.62,6237.83,260.06,2.97,3463.03,7988.25,222.1719457,6.908
1_3,1,3,2012-08-31,50701.3,FALSE,A,151315,80.49,3.638,21442.73,102.32,21.7,13209.64,3032.96,222.3054805,6.908
1_3,1,3,2012-09-07,18368.51,TRUE,A,151315,83.96,3.73,5204.68,35.74,50.94,4120.32,2737.17,222.4390153,6.908
1_3,1,3,2012-09-14,14288.22,FALSE,A,151315,74.97,3.717,17212.52,7,18.79,1523.11,7992.72,222.5820193,6.908
1_3,1,3,2012-09-21,13403.63,FALSE,A,151315,69.87,3.721,6352.3,7.64,4.69,1010.06,6456.71,222.7818386,6.908
1_3,1,3,2012-09-28,13085.95,FALSE,A,151315,76.08,3.666,3666.27,7.64,1.65,1417.96,4744.28,222.9816579,6.908
1_3,1,3,2012-10-05,11676.98,FALSE,A,151315,68.55,3.617,8077.89,NA,18.22,3617.43,3626.14,223.1814772,6.573
1_3,1,3,2012-10-12,10487.17,FALSE,A,151315,62.99,3.601,2086.18,NA,8.11,602.36,5926.45,223.3812965,6.573
1_3,1,3,2012-10-19,8548.87,FALSE,A,151315,67.97,3.594,950.33,NA,4.93,80.25,2312.85,223.4257233,6.573
1_3,1,3,2012-10-26,9350.9,FALSE,A,151315,69.16,3.506,2585.85,31.75,6,1057.16,1305.01,223.4442513,6.573
1_8,1,8,2010-02-05,40129.01,FALSE,A,151315,42.31,2.572,NA,NA,NA,NA,NA,211.0963582,8.106
1_8,1,8,2010-02-12,37334.83,TRUE,A,151315,38.51,2.548,NA,NA,NA,NA,NA,211.2421698,8.106
1_8,1,8,2010-02-19,38717.6,FALSE,A,151315,39.93,2.514,NA,NA,NA,NA,NA,211.2891429,8.106
1_8,1,8,2010-02-26,35318.2,FALSE,A,151315,46.63,2.561,NA,NA,NA,NA,NA,211.3196429,8.106
1_8,1,8,2010-03-05,38776.09,FALSE,A,151315,46.5,2.625,NA,NA,NA,NA,NA,211.3501429,8.106
1_8,1,8,2010-03-12,34342.64,FALSE,A,151315,57.79,2.667,NA,NA,NA,NA,NA,211.3806429,8.106
1_8,1,8,2010-03-19,34188.52,FALSE,A,151315,54.58,2.72,NA,NA,NA,NA,NA,211.215635,8.106
1_8,1,8,2010-03-26,33581.72,FALSE,A,151315,51.45,2.732,NA,NA,NA,NA,NA,211.0180424,8.106
1_8,1,8,2010-04-02,38151.58,FALSE,A,151315,62.27,2.719,NA,NA,NA,NA,NA,210.8204499,7.808
1_8,1,8,2010-04-09,34145.96,FALSE,A,151315,65.86,2.77,NA,NA,NA,NA,NA,210.6228574,7.808
1_8,1,8,2010-04-16,32890.54,FALSE,A,151315,66.32,2.808,NA,NA,NA,NA,NA,210.4887,7.808
1_8,1,8,2010-04-23,32946.13,FALSE,A,151315,64.84,2.795,NA,NA,NA,NA,NA,210.4391228,7.808
1_8,1,8,2010-04-30,34168.23,FALSE,A,151315,67.41,2.78,NA,NA,NA,NA,NA,210.3895456,7.808
1_8,1,8,2010-05-07,35393.78,FALSE,A,151315,72.55,2.835,NA,NA,NA,NA,NA,210.3399684,7.808
1_8,1,8,2010-05-14,33131.69,FALSE,A,151315,74.78,2.854,NA,NA,NA,NA,NA,210.3374261,7.808
1_8,1,8,2010-05-21,34442.73,FALSE,A,151315,76.44,2.826,NA,NA,NA,NA,NA,210.6170934,7.808
1_8,1,8,2010-05-28,35046.1,FALSE,A,151315,80.44,2.759,NA,NA,NA,NA,NA,210.8967606,7.808
1_8,1,8,2010-06-04,35181.47,FALSE,A,151315,80.69,2.705,NA,NA,NA,NA,NA,211.1764278,7.808
1_8,1,8,2010-06-11,34036.53,FALSE,A,151315,80.43,2.668,NA,NA,NA,NA,NA,211.4560951,7.808
1_8,1,8,2010-06-18,33387.48,FALSE,A,151315,84.11,2.637,NA,NA,NA,NA,NA,211.4537719,7.808
1_8,1,8,2010-06-25,33731.24,FALSE,A,151315,84.34,2.653,NA,NA,NA,NA,NA,211.3386526,7.808
1_8,1,8,2010-07-02,35580.01,FALSE,A,151315,80.91,2.669,NA,NA,NA,NA,NA,211.2235333,7.787
1_8,1,8,2010-07-09,34721.25,FALSE,A,151315,80.48,2.642,NA,NA,NA,NA,NA,211.108414,7.787
1_8,1,8,2010-07-16,33171.72,FALSE,A,151315,83.15,2.623,NA,NA,NA,NA,NA,211.1003854,7.787
1_8,1,8,2010-07-23,34350.12,FALSE,A,151315,83.36,2.608,NA,NA,NA,NA,NA,211.2351443,7.787
1_8,1,8,2010-07-30,33568.19,FALSE,A,151315,81.84,2.64,NA,NA,NA,NA,NA,211.3699032,7.787
1_8,1,8,2010-08-06,34833.35,FALSE,A,151315,87.16,2.627,NA,NA,NA,NA,NA,211.5046621,7.787
1_8,1,8,2010-08-13,32326.19,FALSE,A,151315,87,2.692,NA,NA,NA,NA,NA,211.6394211,7.787
1_8,1,8,2010-08-20,32249.35,FALSE,A,151315,86.65,2.664,NA,NA,NA,NA,NA,211.6033633,7.787
1_8,1,8,2010-08-27,31272.68,FALSE,A,151315,85.22,2.619,NA,NA,NA,NA,NA,211.5673056,7.787
1_8,1,8,2010-09-03,35562.68,FALSE,A,151315,81.21,2.577,NA,NA,NA,NA,NA,211.5312479,7.787
1_8,1,8,2010-09-10,32737.89,TRUE,A,151315,78.69,2.565,NA,NA,NA,NA,NA,211.4951902,7.787
1_8,1,8,2010-09-17,33762.32,FALSE,A,151315,82.11,2.582,NA,NA,NA,NA,NA,211.5224596,7.787
1_8,1,8,2010-09-24,31381.97,FALSE,A,151315,80.94,2.624,NA,NA,NA,NA,NA,211.5972246,7.787
1_8,1,8,2010-10-01,34658.25,FALSE,A,151315,71.89,2.603,NA,NA,NA,NA,NA,211.6719895,7.838
1_8,1,8,2010-10-08,35966.67,FALSE,A,151315,63.93,2.633,NA,NA,NA,NA,NA,211.7467544,7.838
1_8,1,8,2010-10-15,33747.68,FALSE,A,151315,67.18,2.72,NA,NA,NA,NA,NA,211.8137436,7.838
1_8,1,8,2010-10-22,32659.74,FALSE,A,151315,69.86,2.725,NA,NA,NA,NA,NA,211.8612937,7.838
1_8,1,8,2010-10-29,34917.77,FALSE,A,151315,69.64,2.716,NA,NA,NA,NA,NA,211.9088438,7.838
1_8,1,8,2010-11-05,36182.58,FALSE,A,151315,58.74,2.689,NA,NA,NA,NA,NA,211.9563939,7.838
1_8,1,8,2010-11-12,35527.64,FALSE,A,151315,59.61,2.728,NA,NA,NA,NA,NA,212.003944,7.838
1_8,1,8,2010-11-19,35759.26,FALSE,A,151315,51.41,2.771,NA,NA,NA,NA,NA,211.8896737,7.838
1_8,1,8,2010-11-26,34099.53,TRUE,A,151315,64.52,2.735,NA,NA,NA,NA,NA,211.7484333,7.838
1_8,1,8,2010-12-03,36222.74,FALSE,A,151315,49.27,2.708,NA,NA,NA,NA,NA,211.607193,7.838
1_8,1,8,2010-12-10,35188.54,FALSE,A,151315,46.33,2.843,NA,NA,NA,NA,NA,211.4659526,7.838
1_8,1,8,2010-12-17,36961.11,FALSE,A,151315,49.84,2.869,NA,NA,NA,NA,NA,211.4053124,7.838
1_8,1,8,2010-12-24,41864,FALSE,A,151315,52.33,2.886,NA,NA,NA,NA,NA,211.4051222,7.838
1_8,1,8,2010-12-31,32751.73,TRUE,A,151315,48.43,2.943,NA,NA,NA,NA,NA,211.4049321,7.838
1_8,1,8,2011-01-07,36599.46,FALSE,A,151315,48.27,2.976,NA,NA,NA,NA,NA,211.4047419,7.742
1_8,1,8,2011-01-14,34228.3,FALSE,A,151315,35.4,2.983,NA,NA,NA,NA,NA,211.4574109,7.742
1_8,1,8,2011-01-21,34547.4,FALSE,A,151315,44.04,3.016,NA,NA,NA,NA,NA,211.8272343,7.742
1_8,1,8,2011-01-28,35110.75,FALSE,A,151315,43.83,3.01,NA,NA,NA,NA,NA,212.1970577,7.742
1_8,1,8,2011-02-04,39903.33,FALSE,A,151315,42.27,2.989,NA,NA,NA,NA,NA,212.5668812,7.742
1_8,1,8,2011-02-11,36011.09,TRUE,A,151315,36.39,3.022,NA,NA,NA,NA,NA,212.9367046,7.742
1_8,1,8,2011-02-18,35386.72,FALSE,A,151315,57.36,3.045,NA,NA,NA,NA,NA,213.2478853,7.742
1_8,1,8,2011-02-25,34195.37,FALSE,A,151315,62.9,3.065,NA,NA,NA,NA,NA,213.535609,7.742
1_8,1,8,2011-03-04,36369.58,FALSE,A,151315,59.58,3.288,NA,NA,NA,NA,NA,213.8233327,7.742
1_8,1,8,2011-03-11,34415.39,FALSE,A,151315,53.56,3.459,NA,NA,NA,NA,NA,214.1110564,7.742
1_8,1,8,2011-03-18,33301.63,FALSE,A,151315,62.76,3.488,NA,NA,NA,NA,NA,214.3627114,7.742
1_8,1,8,2011-03-25,32558.92,FALSE,A,151315,69.97,3.473,NA,NA,NA,NA,NA,214.5999389,7.742
1_8,1,8,2011-04-01,35319.05,FALSE,A,151315,59.17,3.524,NA,NA,NA,NA,NA,214.8371664,7.682
1_8,1,8,2011-04-08,34442.29,FALSE,A,151315,67.84,3.622,NA,NA,NA,NA,NA,215.0743939,7.682
1_8,1,8,2011-04-15,32224.01,FALSE,A,151315,71.27,3.743,NA,NA,NA,NA,NA,215.2918561,7.682
1_8,1,8,2011-04-22,32832.06,FALSE,A,151315,72.99,3.807,NA,NA,NA,NA,NA,215.4599053,7.682
1_8,1,8,2011-04-29,32827.42,FALSE,A,151315,72.03,3.81,NA,NA,NA,NA,NA,215.6279544,7.682
1_8,1,8,2011-05-06,37360.03,FALSE,A,151315,64.61,3.906,NA,NA,NA,NA,NA,215.7960035,7.682
1_8,1,8,2011-05-13,34727.2,FALSE,A,151315,75.64,3.899,NA,NA,NA,NA,NA,215.9640526,7.682
1_8,1,8,2011-05-20,35631.59,FALSE,A,151315,67.63,3.907,NA,NA,NA,NA,NA,215.7339202,7.682
1_8,1,8,2011-05-27,35972.12,FALSE,A,151315,77.72,3.786,NA,NA,NA,NA,NA,215.5037878,7.682
1_8,1,8,2011-06-03,36767.22,FALSE,A,151315,83,3.699,NA,NA,NA,NA,NA,215.2736553,7.682
1_8,1,8,2011-06-10,36099.62,FALSE,A,151315,83.13,3.648,NA,NA,NA,NA,NA,215.0435229,7.682
1_8,1,8,2011-06-17,34338.33,FALSE,A,151315,86.41,3.637,NA,NA,NA,NA,NA,214.9980596,7.682
1_8,1,8,2011-06-24,34014.16,FALSE,A,151315,83.58,3.594,NA,NA,NA,NA,NA,215.0910982,7.682
1_8,1,8,2011-07-01,34063.23,FALSE,A,151315,85.55,3.524,NA,NA,NA,NA,NA,215.1841368,7.962
1_8,1,8,2011-07-08,35582.39,FALSE,A,151315,85.83,3.48,NA,NA,NA,NA,NA,215.2771754,7.962
1_8,1,8,2011-07-15,33336.29,FALSE,A,151315,88.54,3.575,NA,NA,NA,NA,NA,215.3611087,7.962
1_8,1,8,2011-07-22,34006.29,FALSE,A,151315,85.77,3.651,NA,NA,NA,NA,NA,215.4222784,7.962
1_8,1,8,2011-07-29,31981.72,FALSE,A,151315,86.83,3.682,NA,NA,NA,NA,NA,215.4834482,7.962
1_8,1,8,2011-08-05,35484.32,FALSE,A,151315,91.65,3.684,NA,NA,NA,NA,NA,215.544618,7.962
1_8,1,8,2011-08-12,31061.21,FALSE,A,151315,90.76,3.638,NA,NA,NA,NA,NA,215.6057878,7.962
1_8,1,8,2011-08-19,32707.8,FALSE,A,151315,89.94,3.554,NA,NA,NA,NA,NA,215.6693107,7.962
1_8,1,8,2011-08-26,32668.5,FALSE,A,151315,87.96,3.523,NA,NA,NA,NA,NA,215.7332258,7.962
1_8,1,8,2011-09-02,34963.68,FALSE,A,151315,87.83,3.533,NA,NA,NA,NA,NA,215.7971409,7.962
1_8,1,8,2011-09-09,34246.67,TRUE,A,151315,76,3.546,NA,NA,NA,NA,NA,215.861056,7.962
1_8,1,8,2011-09-16,35018.8,FALSE,A,151315,79.94,3.526,NA,NA,NA,NA,NA,216.0410526,7.962
1_8,1,8,2011-09-23,33157.11,FALSE,A,151315,75.8,3.467,NA,NA,NA,NA,NA,216.3758246,7.962
1_8,1,8,2011-09-30,34173.84,FALSE,A,151315,79.69,3.355,NA,NA,NA,NA,NA,216.7105965,7.962
1_8,1,8,2011-10-07,36759.96,FALSE,A,151315,69.31,3.285,NA,NA,NA,NA,NA,217.0453684,7.866
1_8,1,8,2011-10-14,34131.81,FALSE,A,151315,71.74,3.274,NA,NA,NA,NA,NA,217.3552733,7.866
1_8,1,8,2011-10-21,32631.25,FALSE,A,151315,63.71,3.353,NA,NA,NA,NA,NA,217.5159762,7.866
1_8,1,8,2011-10-28,34429.75,FALSE,A,151315,66.57,3.372,NA,NA,NA,NA,NA,217.6766791,7.866
1_8,1,8,2011-11-04,36959.48,FALSE,A,151315,54.98,3.332,NA,NA,NA,NA,NA,217.837382,7.866
1_8,1,8,2011-11-11,34003.52,FALSE,A,151315,59.11,3.297,10382.9,6115.67,215.07,2406.62,6551.42,217.9980849,7.866
1_8,1,8,2011-11-18,33169.55,FALSE,A,151315,62.25,3.308,6074.12,254.39,51.98,427.39,5988.57,218.2205088,7.866
1_8,1,8,2011-11-25,33243.85,TRUE,A,151315,60.14,3.236,410.31,98,55805.51,8,554.92,218.4676211,7.866
1_8,1,8,2011-12-02,35886.92,FALSE,A,151315,48.91,3.172,5629.51,68,1398.11,2084.64,20475.32,218.7147333,7.866
1_8,1,8,2011-12-09,38226.32,FALSE,A,151315,43.93,3.158,4640.65,19,105.02,3639.42,14461.82,218.9618456,7.866
1_8,1,8,2011-12-16,37149.3,FALSE,A,151315,51.63,3.159,5011.32,67,347.37,225.79,4011.37,219.1794533,7.866
1_8,1,8,2011-12-23,41062.58,FALSE,A,151315,47.96,3.112,2725.36,40.48,634.7,24.9,2739.43,219.3577216,7.866
1_8,1,8,2011-12-30,32419.78,TRUE,A,151315,44.55,3.129,5762.1,46011.38,260.36,983.65,4735.78,219.5359898,7.866
1_8,1,8,2012-01-06,36797,FALSE,A,151315,49.01,3.157,6277.39,21813.16,143.1,1450.13,8483,219.7142581,7.348
1_8,1,8,2012-01-13,34033.89,FALSE,A,151315,48.53,3.261,5183.29,8025.87,42.24,453.08,3719.38,219.8925263,7.348
1_8,1,8,2012-01-20,35356.12,FALSE,A,151315,54.11,3.268,4139.87,2807.19,33.88,500.62,3400.21,219.9856893,7.348
1_8,1,8,2012-01-27,34644.25,FALSE,A,151315,54.26,3.29,1164.46,1082.74,44,11,1222.19,220.0788523,7.348
1_8,1,8,2012-02-03,40069.47,FALSE,A,151315,56.55,3.36,34577.06,3579.21,160.53,32403.87,5630.4,220.1720153,7.348
1_8,1,8,2012-02-10,38317.89,TRUE,A,151315,48.02,3.409,13925.06,6927.23,101.64,8471.88,6886.04,220.2651783,7.348
1_8,1,8,2012-02-17,37244.73,FALSE,A,151315,45.32,3.51,9873.33,11062.27,9.8,8409.31,3402.66,220.4257586,7.348
1_8,1,8,2012-02-24,37204.72,FALSE,A,151315,57.25,3.555,9349.61,7556.01,3.2,1219.92,8143.59,220.636902,7.348
1_8,1,8,2012-03-02,40307.19,FALSE,A,151315,60.96,3.63,15441.4,1569,10.8,25390.88,8067.61,220.8480454,7.348
1_8,1,8,2012-03-09,36553.82,FALSE,A,151315,58.76,3.669,10331.04,151.88,6,671.43,5509.84,221.0591887,7.348
1_8,1,8,2012-03-16,36141.27,FALSE,A,151315,64.74,3.734,4298.16,7.5,2.02,2724.65,2017.69,221.2118132,7.348
1_8,1,8,2012-03-23,33758.45,FALSE,A,151315,65.93,3.787,6118.56,9.48,4.97,426.72,3657.22,221.2864126,7.348
1_8,1,8,2012-03-30,37745.71,FALSE,A,151315,67.61,3.845,10309.58,0.5,10.25,1654.17,2642.78,221.3610119,7.348
1_8,1,8,2012-04-06,41917.56,FALSE,A,151315,70.43,3.891,10121.97,NA,77.98,3750.59,4510.72,221.4356112,7.143
1_8,1,8,2012-04-13,37295.29,FALSE,A,151315,69.07,3.891,6186.19,3288.69,17.07,1822.55,1063.78,221.5102105,7.143
1_8,1,8,2012-04-20,36930.94,FALSE,A,151315,66.76,3.877,2230.8,612.02,19.75,275.13,5747.1,221.5640737,7.143
1_8,1,8,2012-04-27,38531.76,FALSE,A,151315,67.23,3.814,3221.25,NA,35.49,577.14,6222.25,221.6179368,7.143
1_8,1,8,2012-05-04,41589.1,FALSE,A,151315,75.55,3.749,21290.13,NA,69.89,4977.35,3261.04,221.6718,7.143
1_8,1,8,2012-05-11,37702.53,FALSE,A,151315,73.77,3.688,8351.4,NA,10.52,2443.14,3127.88,221.7256632,7.143
1_8,1,8,2012-05-18,37817.25,FALSE,A,151315,70.33,3.63,6154.14,NA,45.11,1675.49,5508.18,221.742674,7.143
1_8,1,8,2012-05-25,39067,FALSE,A,151315,77.22,3.561,4039.39,NA,745.19,1429.96,3631.13,221.744944,7.143
1_8,1,8,2012-06-01,41039.74,FALSE,A,151315,77.95,3.501,6086.21,12,370.51,148.75,3690.85,221.7472139,7.143
1_8,1,8,2012-06-08,40236.23,FALSE,A,151315,78.3,3.452,8813.81,116.8,64.55,2652.04,7161.91,221.7494839,7.143
1_8,1,8,2012-06-15,38163.76,FALSE,A,151315,79.35,3.393,5621.99,109.6,0.25,2420.28,3083.26,221.7626421,7.143
1_8,1,8,2012-06-22,37693.88,FALSE,A,151315,78.39,3.346,8624.56,171.25,3.05,2524.07,7063.68,221.8030211,7.143
1_8,1,8,2012-06-29,37647.44,FALSE,A,151315,84.88,3.286,3965.73,161.6,NA,435.99,4212.97,221.8434,7.143
1_8,1,8,2012-07-06,41524.67,FALSE,A,151315,81.57,3.227,12218.76,94.4,192.83,4066.01,6149.04,221.8837789,6.908
1_8,1,8,2012-07-13,36130.01,FALSE,A,151315,77.12,3.256,7218.13,45.2,36.24,3909.38,2596.37,221.9241579,6.908
1_8,1,8,2012-07-20,37797.31,FALSE,A,151315,80.42,3.311,3213,313.72,9.53,2262.02,3228.19,221.9327267,6.908
1_8,1,8,2012-07-27,36981.9,FALSE,A,151315,82.66,3.407,7146.9,389.02,1.59,10267.54,4325.19,221.9412954,6.908
1_8,1,8,2012-08-03,40098.84,FALSE,A,151315,86.11,3.417,27584.78,119.98,30.23,12007.04,4661.71,221.9498642,6.908
1_8,1,8,2012-08-10,37269.92,FALSE,A,151315,85.05,3.494,11436.22,245,6.85,6964.26,4836.22,221.9584329,6.908
1_8,1,8,2012-08-17,36294.18,FALSE,A,151315,84.85,3.571,3662.06,137.86,4.84,2752.2,3446.15,222.0384109,6.908
1_8,1,8,2012-08-24,33855.28,FALSE,A,151315,77.66,3.62,6237.83,260.06,2.97,3463.03,7988.25,222.1719457,6.908
1_8,1,8,2012-08-31,37666.92,FALSE,A,151315,80.49,3.638,21442.73,102.32,21.7,13209.64,3032.96,222.3054805,6.908
1_8,1,8,2012-09-07,38666.21,TRUE,A,151315,83.96,3.73,5204.68,35.74,50.94,4120.32,2737.17,222.4390153,6.908
1_8,1,8,2012-09-14,37346.83,FALSE,A,151315,74.97,3.717,17212.52,7,18.79,1523.11,7992.72,222.5820193,6.908
1_8,1,8,2012-09-21,36404.63,FALSE,A,151315,69.87,3.721,6352.3,7.64,4.69,1010.06,6456.71,222.7818386,6.908
1_8,1,8,2012-09-28,37254.84,FALSE,A,151315,76.08,3.666,3666.27,7.64,1.65,1417.96,4744.28,222.9816579,6.908
1_8,1,8,2012-10-05,42663.75,FALSE,A,151315,68.55,3.617,8077.89,NA,18.22,3617.43,3626.14,223.1814772,6.573
1_8,1,8,2012-10-12,37248.47,FALSE,A,151315,62.99,3.601,2086.18,NA,8.11,602.36,5926.45,223.3812965,6.573
1_8,1,8,2012-10-19,38668.75,FALSE,A,151315,67.97,3.594,950.33,NA,4.93,80.25,2312.85,223.4257233,6.573
1_8,1,8,2012-10-26,39255.35,FALSE,A,151315,69.16,3.506,2585.85,31.75,6,1057.16,1305.01,223.4442513,6.573
1_13,1,13,2010-02-05,41969.29,FALSE,A,151315,42.31,2.572,NA,NA,NA,NA,NA,211.0963582,8.106
1_13,1,13,2010-02-12,36476.4,TRUE,A,151315,38.51,2.548,NA,NA,NA,NA,NA,211.2421698,8.106
1_13,1,13,2010-02-19,37857.68,FALSE,A,151315,39.93,2.514,NA,NA,NA,NA,NA,211.2891429,8.106
1_13,1,13,2010-02-26,37467.32,FALSE,A,151315,46.63,2.561,NA,NA,NA,NA,NA,211.3196429,8.106
1_13,1,13,2010-03-05,40423.95,FALSE,A,151315,46.5,2.625,NA,NA,NA,NA,NA,211.3501429,8.106
1_13,1,13,2010-03-12,35833.07,FALSE,A,151315,57.79,2.667,NA,NA,NA,NA,NA,211.3806429,8.106
1_13,1,13,2010-03-19,36807.21,FALSE,A,151315,54.58,2.72,NA,NA,NA,NA,NA,211.215635,8.106
1_13,1,13,2010-03-26,35431.73,FALSE,A,151315,51.45,2.732,NA,NA,NA,NA,NA,211.0180424,8.106
1_13,1,13,2010-04-02,38104.53,FALSE,A,151315,62.27,2.719,NA,NA,NA,NA,NA,210.8204499,7.808
1_13,1,13,2010-04-09,37638.44,FALSE,A,151315,65.86,2.77,NA,NA,NA,NA,NA,210.6228574,7.808
1_13,1,13,2010-04-16,36663.26,FALSE,A,151315,66.32,2.808,NA,NA,NA,NA,NA,210.4887,7.808
1_13,1,13,2010-04-23,36058.1,FALSE,A,151315,64.84,2.795,NA,NA,NA,NA,NA,210.4391228,7.808
1_13,1,13,2010-04-30,36717.2,FALSE,A,151315,67.41,2.78,NA,NA,NA,NA,NA,210.3895456,7.808
1_13,1,13,2010-05-07,40113.4,FALSE,A,151315,72.55,2.835,NA,NA,NA,NA,NA,210.3399684,7.808
1_13,1,13,2010-05-14,36499.93,FALSE,A,151315,74.78,2.854,NA,NA,NA,NA,NA,210.3374261,7.808
1_13,1,13,2010-05-21,38569.83,FALSE,A,151315,76.44,2.826,NA,NA,NA,NA,NA,210.6170934,7.808
1_13,1,13,2010-05-28,38347.52,FALSE,A,151315,80.44,2.759,NA,NA,NA,NA,NA,210.8967606,7.808
1_13,1,13,2010-06-04,41388.81,FALSE,A,151315,80.69,2.705,NA,NA,NA,NA,NA,211.1764278,7.808
1_13,1,13,2010-06-11,39657.1,FALSE,A,151315,80.43,2.668,NA,NA,NA,NA,NA,211.4560951,7.808
1_13,1,13,2010-06-18,39165.29,FALSE,A,151315,84.11,2.637,NA,NA,NA,NA,NA,211.4537719,7.808
1_13,1,13,2010-06-25,38697.24,FALSE,A,151315,84.34,2.653,NA,NA,NA,NA,NA,211.3386526,7.808
1_13,1,13,2010-07-02,41214.94,FALSE,A,151315,80.91,2.669,NA,NA,NA,NA,NA,211.2235333,7.787
1_13,1,13,2010-07-09,41056.4,FALSE,A,151315,80.48,2.642,NA,NA,NA,NA,NA,211.108414,7.787
1_13,1,13,2010-07-16,40150,FALSE,A,151315,83.15,2.623,NA,NA,NA,NA,NA,211.1003854,7.787
1_13,1,13,2010-07-23,40552.37,FALSE,A,151315,83.36,2.608,NA,NA,NA,NA,NA,211.2351443,7.787
1_13,1,13,2010-07-30,38018.99,FALSE,A,151315,81.84,2.64,NA,NA,NA,NA,NA,211.3699032,7.787
1_13,1,13,2010-08-06,42038.03,FALSE,A,151315,87.16,2.627,NA,NA,NA,NA,NA,211.5046621,7.787
1_13,1,13,2010-08-13,37869.12,FALSE,A,151315,87,2.692,NA,NA,NA,NA,NA,211.6394211,7.787
1_13,1,13,2010-08-20,41509.62,FALSE,A,151315,86.65,2.664,NA,NA,NA,NA,NA,211.6033633,7.787
1_13,1,13,2010-08-27,41175.86,FALSE,A,151315,85.22,2.619,NA,NA,NA,NA,NA,211.5673056,7.787
1_13,1,13,2010-09-03,44863.15,FALSE,A,151315,81.21,2.577,NA,NA,NA,NA,NA,211.5312479,7.787
1_13,1,13,2010-09-10,39525.93,TRUE,A,151315,78.69,2.565,NA,NA,NA,NA,NA,211.4951902,7.787
1_13,1,13,2010-09-17,38416.22,FALSE,A,151315,82.11,2.582,NA,NA,NA,NA,NA,211.5224596,7.787
1_13,1,13,2010-09-24,37293.43,FALSE,A,151315,80.94,2.624,NA,NA,NA,NA,NA,211.5972246,7.787
1_13,1,13,2010-10-01,40474.22,FALSE,A,151315,71.89,2.603,NA,NA,NA,NA,NA,211.6719895,7.838
1_13,1,13,2010-10-08,42139.25,FALSE,A,151315,63.93,2.633,NA,NA,NA,NA,NA,211.7467544,7.838
1_13,1,13,2010-10-15,38749.62,FALSE,A,151315,67.18,2.72,NA,NA,NA,NA,NA,211.8137436,7.838
1_13,1,13,2010-10-22,34712.4,FALSE,A,151315,69.86,2.725,NA,NA,NA,NA,NA,211.8612937,7.838
1_13,1,13,2010-10-29,37762.12,FALSE,A,151315,69.64,2.716,NA,NA,NA,NA,NA,211.9088438,7.838
1_13,1,13,2010-11-05,41085.66,FALSE,A,151315,58.74,2.689,NA,NA,NA,NA,NA,211.9563939,7.838
1_13,1,13,2010-11-12,36817.35,FALSE,A,151315,59.61,2.728,NA,NA,NA,NA,NA,212.003944,7.838
1_13,1,13,2010-11-19,38446.26,FALSE,A,151315,51.41,2.771,NA,NA,NA,NA,NA,211.8896737,7.838
1_13,1,13,2010-11-26,38371.99,TRUE,A,151315,64.52,2.735,NA,NA,NA,NA,NA,211.7484333,7.838
1_13,1,13,2010-12-03,36170.88,FALSE,A,151315,49.27,2.708,NA,NA,NA,NA,NA,211.607193,7.838
1_13,1,13,2010-12-10,34749.11,FALSE,A,151315,46.33,2.843,NA,NA,NA,NA,NA,211.4659526,7.838
1_13,1,13,2010-12-17,35237.93,FALSE,A,151315,49.84,2.869,NA,NA,NA,NA,NA,211.4053124,7.838
1_13,1,13,2010-12-24,37099.47,FALSE,A,151315,52.33,2.886,NA,NA,NA,NA,NA,211.4051222,7.838
1_13,1,13,2010-12-31,34081.52,TRUE,A,151315,48.43,2.943,NA,NA,NA,NA,NA,211.4049321,7.838
1_13,1,13,2011-01-07,39764.56,FALSE,A,151315,48.27,2.976,NA,NA,NA,NA,NA,211.4047419,7.742
1_13,1,13,2011-01-14,33668.55,FALSE,A,151315,35.4,2.983,NA,NA,NA,NA,NA,211.4574109,7.742
1_13,1,13,2011-01-21,35961.99,FALSE,A,151315,44.04,3.016,NA,NA,NA,NA,NA,211.8272343,7.742
1_13,1,13,2011-01-28,36321.69,FALSE,A,151315,43.83,3.01,NA,NA,NA,NA,NA,212.1970577,7.742
1_13,1,13,2011-02-04,38065.42,FALSE,A,151315,42.27,2.989,NA,NA,NA,NA,NA,212.5668812,7.742
1_13,1,13,2011-02-11,36883.13,TRUE,A,151315,36.39,3.022,NA,NA,NA,NA,NA,212.9367046,7.742
1_13,1,13,2011-02-18,37604.79,FALSE,A,151315,57.36,3.045,NA,NA,NA,NA,NA,213.2478853,7.742
1_13,1,13,2011-02-25,37838.4,FALSE,A,151315,62.9,3.065,NA,NA,NA,NA,NA,213.535609,7.742
1_13,1,13,2011-03-04,42277.37,FALSE,A,151315,59.58,3.288,NA,NA,NA,NA,NA,213.8233327,7.742
1_13,1,13,2011-03-11,37577.97,FALSE,A,151315,53.56,3.459,NA,NA,NA,NA,NA,214.1110564,7.742
1_13,1,13,2011-03-18,36930.48,FALSE,A,151315,62.76,3.488,NA,NA,NA,NA,NA,214.3627114,7.742
1_13,1,13,2011-03-25,36745.46,FALSE,A,151315,69.97,3.473,NA,NA,NA,NA,NA,214.5999389,7.742
1_13,1,13,2011-04-01,37630.13,FALSE,A,151315,59.17,3.524,NA,NA,NA,NA,NA,214.8371664,7.682
1_13,1,13,2011-04-08,38076.86,FALSE,A,151315,67.84,3.622,NA,NA,NA,NA,NA,215.0743939,7.682
1_13,1,13,2011-04-15,35263.45,FALSE,A,151315,71.27,3.743,NA,NA,NA,NA,NA,215.2918561,7.682
1_13,1,13,2011-04-22,35464.71,FALSE,A,151315,72.99,3.807,NA,NA,NA,NA,NA,215.4599053,7.682
1_13,1,13,2011-04-29,34311.69,FALSE,A,151315,72.03,3.81,NA,NA,NA,NA,NA,215.6279544,7.682
1_13,1,13,2011-05-06,40581.52,FALSE,A,151315,64.61,3.906,NA,NA,NA,NA,NA,215.7960035,7.682
1_13,1,13,2011-05-13,35378.71,FALSE,A,151315,75.64,3.899,NA,NA,NA,NA,NA,215.9640526,7.682
1_13,1,13,2011-05-20,35816.48,FALSE,A,151315,67.63,3.907,NA,NA,NA,NA,NA,215.7339202,7.682
1_13,1,13,2011-05-27,36203.13,FALSE,A,151315,77.72,3.786,NA,NA,NA,NA,NA,215.5037878,7.682
1_13,1,13,2011-06-03,39884.82,FALSE,A,151315,83,3.699,NA,NA,NA,NA,NA,215.2736553,7.682
1_13,1,13,2011-06-10,38080.39,FALSE,A,151315,83.13,3.648,NA,NA,NA,NA,NA,215.0435229,7.682
1_13,1,13,2011-06-17,39020.06,FALSE,A,151315,86.41,3.637,NA,NA,NA,NA,NA,214.9980596,7.682
1_13,1,13,2011-06-24,37316.12,FALSE,A,151315,83.58,3.594,NA,NA,NA,NA,NA,215.0910982,7.682
1_13,1,13,2011-07-01,37414.14,FALSE,A,151315,85.55,3.524,NA,NA,NA,NA,NA,215.1841368,7.962
1_13,1,13,2011-07-08,38193.09,FALSE,A,151315,85.83,3.48,NA,NA,NA,NA,NA,215.2771754,7.962
1_13,1,13,2011-07-15,36966.32,FALSE,A,151315,88.54,3.575,NA,NA,NA,NA,NA,215.3611087,7.962
1_13,1,13,2011-07-22,37990.15,FALSE,A,151315,85.77,3.651,NA,NA,NA,NA,NA,215.4222784,7.962
1_13,1,13,2011-07-29,34910.1,FALSE,A,151315,86.83,3.682,NA,NA,NA,NA,NA,215.4834482,7.962
1_13,1,13,2011-08-05,42542.66,FALSE,A,151315,91.65,3.684,NA,NA,NA,NA,NA,215.544618,7.962
1_13,1,13,2011-08-12,37593.97,FALSE,A,151315,90.76,3.638,NA,NA,NA,NA,NA,215.6057878,7.962
1_13,1,13,2011-08-19,38533.7,FALSE,A,151315,89.94,3.554,NA,NA,NA,NA,NA,215.6693107,7.962
1_13,1,13,2011-08-26,38727.3,FALSE,A,151315,87.96,3.523,NA,NA,NA,NA,NA,215.7332258,7.962
1_13,1,13,2011-09-02,42713.81,FALSE,A,151315,87.83,3.533,NA,NA,NA,NA,NA,215.7971409,7.962
1_13,1,13,2011-09-09,38045.63,TRUE,A,151315,76,3.546,NA,NA,NA,NA,NA,215.861056,7.962
1_13,1,13,2011-09-16,38382.65,FALSE,A,151315,79.94,3.526,NA,NA,NA,NA,NA,216.0410526,7.962
1_13,1,13,2011-09-23,37645.66,FALSE,A,151315,75.8,3.467,NA,NA,NA,NA,NA,216.3758246,7.962
1_13,1,13,2011-09-30,37928.28,FALSE,A,151315,79.69,3.355,NA,NA,NA,NA,NA,216.7105965,7.962
1_13,1,13,2011-10-07,41151.28,FALSE,A,151315,69.31,3.285,NA,NA,NA,NA,NA,217.0453684,7.866
1_13,1,13,2011-10-14,37531.43,FALSE,A,151315,71.74,3.274,NA,NA,NA,NA,NA,217.3552733,7.866
1_13,1,13,2011-10-21,38272.21,FALSE,A,151315,63.71,3.353,NA,NA,NA,NA,NA,217.5159762,7.866
1_13,1,13,2011-10-28,37117.02,FALSE,A,151315,66.57,3.372,NA,NA,NA,NA,NA,217.6766791,7.866
1_13,1,13,2011-11-04,41907.62,FALSE,A,151315,54.98,3.332,NA,NA,NA,NA,NA,217.837382,7.866
1_13,1,13,2011-11-11,37255.89,FALSE,A,151315,59.11,3.297,10382.9,6115.67,215.07,2406.62,6551.42,217.9980849,7.866
1_13,1,13,2011-11-18,37077.82,FALSE,A,151315,62.25,3.308,6074.12,254.39,51.98,427.39,5988.57,218.2205088,7.866
1_13,1,13,2011-11-25,38625.48,TRUE,A,151315,60.14,3.236,410.31,98,55805.51,8,554.92,218.4676211,7.866
1_13,1,13,2011-12-02,37507.93,FALSE,A,151315,48.91,3.172,5629.51,68,1398.11,2084.64,20475.32,218.7147333,7.866
1_13,1,13,2011-12-09,36404.7,FALSE,A,151315,43.93,3.158,4640.65,19,105.02,3639.42,14461.82,218.9618456,7.866
1_13,1,13,2011-12-16,32782.17,FALSE,A,151315,51.63,3.159,5011.32,67,347.37,225.79,4011.37,219.1794533,7.866
1_13,1,13,2011-12-23,36950.91,FALSE,A,151315,47.96,3.112,2725.36,40.48,634.7,24.9,2739.43,219.3577216,7.866
1_13,1,13,2011-12-30,32871.95,TRUE,A,151315,44.55,3.129,5762.1,46011.38,260.36,983.65,4735.78,219.5359898,7.866
1_13,1,13,2012-01-06,41411.4,FALSE,A,151315,49.01,3.157,6277.39,21813.16,143.1,1450.13,8483,219.7142581,7.348
1_13,1,13,2012-01-13,38000.25,FALSE,A,151315,48.53,3.261,5183.29,8025.87,42.24,453.08,3719.38,219.8925263,7.348
1_13,1,13,2012-01-20,37433.66,FALSE,A,151315,54.11,3.268,4139.87,2807.19,33.88,500.62,3400.21,219.9856893,7.348
1_13,1,13,2012-01-27,34312.26,FALSE,A,151315,54.26,3.29,1164.46,1082.74,44,11,1222.19,220.0788523,7.348
1_13,1,13,2012-02-03,43478.58,FALSE,A,151315,56.55,3.36,34577.06,3579.21,160.53,32403.87,5630.4,220.1720153,7.348
1_13,1,13,2012-02-10,43041.97,TRUE,A,151315,48.02,3.409,13925.06,6927.23,101.64,8471.88,6886.04,220.2651783,7.348
1_13,1,13,2012-02-17,38622.92,FALSE,A,151315,45.32,3.51,9873.33,11062.27,9.8,8409.31,3402.66,220.4257586,7.348
1_13,1,13,2012-02-24,40079.43,FALSE,A,151315,57.25,3.555,9349.61,7556.01,3.2,1219.92,8143.59,220.636902,7.348
1_13,1,13,2012-03-02,44565.32,FALSE,A,151315,60.96,3.63,15441.4,1569,10.8,25390.88,8067.61,220.8480454,7.348
1_13,1,13,2012-03-09,40001.72,FALSE,A,151315,58.76,3.669,10331.04,151.88,6,671.43,5509.84,221.0591887,7.348
1_13,1,13,2012-03-16,38322.83,FALSE,A,151315,64.74,3.734,4298.16,7.5,2.02,2724.65,2017.69,221.2118132,7.348
1_13,1,13,2012-03-23,37801.64,FALSE,A,151315,65.93,3.787,6118.56,9.48,4.97,426.72,3657.22,221.2864126,7.348
1_13,1,13,2012-03-30,38696.88,FALSE,A,151315,67.61,3.845,10309.58,0.5,10.25,1654.17,2642.78,221.3610119,7.348
1_13,1,13,2012-04-06,44270.3,FALSE,A,151315,70.43,3.891,10121.97,NA,77.98,3750.59,4510.72,221.4356112,7.143
1_13,1,13,2012-04-13,39099.61,FALSE,A,151315,69.07,3.891,6186.19,3288.69,17.07,1822.55,1063.78,221.5102105,7.143
1_13,1,13,2012-04-20,39499.85,FALSE,A,151315,66.76,3.877,2230.8,612.02,19.75,275.13,5747.1,221.5640737,7.143
1_13,1,13,2012-04-27,39077.84,FALSE,A,151315,67.23,3.814,3221.25,NA,35.49,577.14,6222.25,221.6179368,7.143
1_13,1,13,2012-05-04,43561.17,FALSE,A,151315,75.55,3.749,21290.13,NA,69.89,4977.35,3261.04,221.6718,7.143
1_13,1,13,2012-05-11,38895.18,FALSE,A,151315,73.77,3.688,8351.4,NA,10.52,2443.14,3127.88,221.7256632,7.143
1_13,1,13,2012-05-18,37857.88,FALSE,A,151315,70.33,3.63,6154.14,NA,45.11,1675.49,5508.18,221.742674,7.143
1_13,1,13,2012-05-25,38541.76,FALSE,A,151315,77.22,3.561,4039.39,NA,745.19,1429.96,3631.13,221.744944,7.143
1_13,1,13,2012-06-01,41462.8,FALSE,A,151315,77.95,3.501,6086.21,12,370.51,148.75,3690.85,221.7472139,7.143
1_13,1,13,2012-06-08,42304.47,FALSE,A,151315,78.3,3.452,8813.81,116.8,64.55,2652.04,7161.91,221.7494839,7.143
1_13,1,13,2012-06-15,39024.74,FALSE,A,151315,79.35,3.393,5621.99,109.6,0.25,2420.28,3083.26,221.7626421,7.143
1_13,1,13,2012-06-22,38945,FALSE,A,151315,78.39,3.346,8624.56,171.25,3.05,2524.07,7063.68,221.8030211,7.143
1_13,1,13,2012-06-29,40099.49,FALSE,A,151315,84.88,3.286,3965.73,161.6,NA,435.99,4212.97,221.8434,7.143
1_13,1,13,2012-07-06,43326.92,FALSE,A,151315,81.57,3.227,12218.76,94.4,192.83,4066.01,6149.04,221.8837789,6.908
1_13,1,13,2012-07-13,39276.05,FALSE,A,151315,77.12,3.256,7218.13,45.2,36.24,3909.38,2596.37,221.9241579,6.908
1_13,1,13,2012-07-20,39396.59,FALSE,A,151315,80.42,3.311,3213,313.72,9.53,2262.02,3228.19,221.9327267,6.908
1_13,1,13,2012-07-27,37423.21,FALSE,A,151315,82.66,3.407,7146.9,389.02,1.59,10267.54,4325.19,221.9412954,6.908
1_13,1,13,2012-08-03,44708.45,FALSE,A,151315,86.11,3.417,27584.78,119.98,30.23,12007.04,4661.71,221.9498642,6.908
1_13,1,13,2012-08-10,42241.23,FALSE,A,151315,85.05,3.494,11436.22,245,6.85,6964.26,4836.22,221.9584329,6.908
1_13,1,13,2012-08-17,41658.4,FALSE,A,151315,84.85,3.571,3662.06,137.86,4.84,2752.2,3446.15,222.0384109,6.908
1_13,1,13,2012-08-24,39231.62,FALSE,A,151315,77.66,3.62,6237.83,260.06,2.97,3463.03,7988.25,222.1719457,6.908
1_13,1,13,2012-08-31,40940.78,FALSE,A,151315,80.49,3.638,21442.73,102.32,21.7,13209.64,3032.96,222.3054805,6.908
1_13,1,13,2012-09-07,44373.19,TRUE,A,151315,83.96,3.73,5204.68,35.74,50.94,4120.32,2737.17,222.4390153,6.908
1_13,1,13,2012-09-14,38759.47,FALSE,A,151315,74.97,3.717,17212.52,7,18.79,1523.11,7992.72,222.5820193,6.908
1_13,1,13,2012-09-21,39746.87,FALSE,A,151315,69.87,3.721,6352.3,7.64,4.69,1010.06,6456.71,222.7818386,6.908
1_13,1,13,2012-09-28,39793.41,FALSE,A,151315,76.08,3.666,3666.27,7.64,1.65,1417.96,4744.28,222.9816579,6.908
1_13,1,13,2012-10-05,43746.89,FALSE,A,151315,68.55,3.617,8077.89,NA,18.22,3617.43,3626.14,223.1814772,6.573
1_13,1,13,2012-10-12,38015.36,FALSE,A,151315,62.99,3.601,2086.18,NA,8.11,602.36,5926.45,223.3812965,6.573
1_13,1,13,2012-10-19,38341.15,FALSE,A,151315,67.97,3.594,950.33,NA,4.93,80.25,2312.85,223.4257233,6.573
1_13,1,13,2012-10-26,38512.48,FALSE,A,151315,69.16,3.506,2585.85,31.75,6,1057.16,1305.01,223.4442513,6.573
1_38,1,38,2010-02-05,115564.35,FALSE,A,151315,42.31,2.572,NA,NA,NA,NA,NA,211.0963582,8.106
1_38,1,38,2010-02-12,94136.35,TRUE,A,151315,38.51,2.548,NA,NA,NA,NA,NA,211.2421698,8.106
1_38,1,38,2010-02-19,98672.59,FALSE,A,151315,39.93,2.514,NA,NA,NA,NA,NA,211.2891429,8.106
1_38,1,38,2010-02-26,92755.59,FALSE,A,151315,46.63,2.561,NA,NA,NA,NA,NA,211.3196429,8.106
1_38,1,38,2010-03-05,108282.86,FALSE,A,151315,46.5,2.625,NA,NA,NA,NA,NA,211.3501429,8.106
1_38,1,38,2010-03-12,98175.35,FALSE,A,151315,57.79,2.667,NA,NA,NA,NA,NA,211.3806429,8.106
1_38,1,38,2010-03-19,71165.72,FALSE,A,151315,54.58,2.72,NA,NA,NA,NA,NA,211.215635,8.106
1_38,1,38,2010-03-26,95855.41,FALSE,A,151315,51.45,2.732,NA,NA,NA,NA,NA,211.0180424,8.106
1_38,1,38,2010-04-02,101566.87,FALSE,A,151315,62.27,2.719,NA,NA,NA,NA,NA,210.8204499,7.808
1_38,1,38,2010-04-09,98689.46,FALSE,A,151315,65.86,2.77,NA,NA,NA,NA,NA,210.6228574,7.808
1_38,1,38,2010-04-16,77602,FALSE,A,151315,66.32,2.808,NA,NA,NA,NA,NA,210.4887,7.808
1_38,1,38,2010-04-23,87205.88,FALSE,A,151315,64.84,2.795,NA,NA,NA,NA,NA,210.4391228,7.808
1_38,1,38,2010-04-30,127811.89,FALSE,A,151315,67.41,2.78,NA,NA,NA,NA,NA,210.3895456,7.808
1_38,1,38,2010-05-07,107634.21,FALSE,A,151315,72.55,2.835,NA,NA,NA,NA,NA,210.3399684,7.808
1_38,1,38,2010-05-14,91179.51,FALSE,A,151315,74.78,2.854,NA,NA,NA,NA,NA,210.3374261,7.808
1_38,1,38,2010-05-21,80273.34,FALSE,A,151315,76.44,2.826,NA,NA,NA,NA,NA,210.6170934,7.808
1_38,1,38,2010-05-28,87937,FALSE,A,151315,80.44,2.759,NA,NA,NA,NA,NA,210.8967606,7.808
1_38,1,38,2010-06-04,96137.67,FALSE,A,151315,80.69,2.705,NA,NA,NA,NA,NA,211.1764278,7.808
1_38,1,38,2010-06-11,105539.53,FALSE,A,151315,80.43,2.668,NA,NA,NA,NA,NA,211.4560951,7.808
1_38,1,38,2010-06-18,86860.94,FALSE,A,151315,84.11,2.637,NA,NA,NA,NA,NA,211.4537719,7.808
1_38,1,38,2010-06-25,79026.15,FALSE,A,151315,84.34,2.653,NA,NA,NA,NA,NA,211.3386526,7.808
1_38,1,38,2010-07-02,100958.25,FALSE,A,151315,80.91,2.669,NA,NA,NA,NA,NA,211.2235333,7.787
1_38,1,38,2010-07-09,87346.14,FALSE,A,151315,80.48,2.642,NA,NA,NA,NA,NA,211.108414,7.787
1_38,1,38,2010-07-16,80431.55,FALSE,A,151315,83.15,2.623,NA,NA,NA,NA,NA,211.1003854,7.787
1_38,1,38,2010-07-23,66892.44,FALSE,A,151315,83.36,2.608,NA,NA,NA,NA,NA,211.2351443,7.787
1_38,1,38,2010-07-30,76542.81,FALSE,A,151315,81.84,2.64,NA,NA,NA,NA,NA,211.3699032,7.787
1_38,1,38,2010-08-06,93809.75,FALSE,A,151315,87.16,2.627,NA,NA,NA,NA,NA,211.5046621,7.787
1_38,1,38,2010-08-13,78915.6,FALSE,A,151315,87,2.692,NA,NA,NA,NA,NA,211.6394211,7.787
1_38,1,38,2010-08-20,70299.21,FALSE,A,151315,86.65,2.664,NA,NA,NA,NA,NA,211.6033633,7.787
1_38,1,38,2010-08-27,77852.74,FALSE,A,151315,85.22,2.619,NA,NA,NA,NA,NA,211.5673056,7.787
1_38,1,38,2010-09-03,90990.93,FALSE,A,151315,81.21,2.577,NA,NA,NA,NA,NA,211.5312479,7.787
1_38,1,38,2010-09-10,78481.32,TRUE,A,151315,78.69,2.565,NA,NA,NA,NA,NA,211.4951902,7.787
1_38,1,38,2010-09-17,76162.38,FALSE,A,151315,82.11,2.582,NA,NA,NA,NA,NA,211.5224596,7.787
1_38,1,38,2010-09-24,87720.98,FALSE,A,151315,80.94,2.624,NA,NA,NA,NA,NA,211.5972246,7.787
1_38,1,38,2010-10-01,112126.81,FALSE,A,151315,71.89,2.603,NA,NA,NA,NA,NA,211.6719895,7.838
1_38,1,38,2010-10-08,73963.61,FALSE,A,151315,63.93,2.633,NA,NA,NA,NA,NA,211.7467544,7.838
1_38,1,38,2010-10-15,73027.2,FALSE,A,151315,67.18,2.72,NA,NA,NA,NA,NA,211.8137436,7.838
1_38,1,38,2010-10-22,71814.32,FALSE,A,151315,69.86,2.725,NA,NA,NA,NA,NA,211.8612937,7.838
1_38,1,38,2010-10-29,70733.35,FALSE,A,151315,69.64,2.716,NA,NA,NA,NA,NA,211.9088438,7.838
1_38,1,38,2010-11-05,77547.67,FALSE,A,151315,58.74,2.689,NA,NA,NA,NA,NA,211.9563939,7.838
1_38,1,38,2010-11-12,82395.79,FALSE,A,151315,59.61,2.728,NA,NA,NA,NA,NA,212.003944,7.838
1_38,1,38,2010-11-19,73121.25,FALSE,A,151315,51.41,2.771,NA,NA,NA,NA,NA,211.8896737,7.838
1_38,1,38,2010-11-26,55973.77,TRUE,A,151315,64.52,2.735,NA,NA,NA,NA,NA,211.7484333,7.838
1_38,1,38,2010-12-03,87338.34,FALSE,A,151315,49.27,2.708,NA,NA,NA,NA,NA,211.607193,7.838
1_38,1,38,2010-12-10,69386.52,FALSE,A,151315,46.33,2.843,NA,NA,NA,NA,NA,211.4659526,7.838
1_38,1,38,2010-12-17,81069.74,FALSE,A,151315,49.84,2.869,NA,NA,NA,NA,NA,211.4053124,7.838
1_38,1,38,2010-12-24,57718.48,FALSE,A,151315,52.33,2.886,NA,NA,NA,NA,NA,211.4051222,7.838
1_38,1,38,2010-12-31,67182.76,TRUE,A,151315,48.43,2.943,NA,NA,NA,NA,NA,211.4049321,7.838
1_38,1,38,2011-01-07,85242.8,FALSE,A,151315,48.27,2.976,NA,NA,NA,NA,NA,211.4047419,7.742
1_38,1,38,2011-01-14,80921.16,FALSE,A,151315,35.4,2.983,NA,NA,NA,NA,NA,211.4574109,7.742
1_38,1,38,2011-01-21,79827.55,FALSE,A,151315,44.04,3.016,NA,NA,NA,NA,NA,211.8272343,7.742
1_38,1,38,2011-01-28,71672.01,FALSE,A,151315,43.83,3.01,NA,NA,NA,NA,NA,212.1970577,7.742
1_38,1,38,2011-02-04,86132.01,FALSE,A,151315,42.27,2.989,NA,NA,NA,NA,NA,212.5668812,7.742
1_38,1,38,2011-02-11,70151.05,TRUE,A,151315,36.39,3.022,NA,NA,NA,NA,NA,212.9367046,7.742
1_38,1,38,2011-02-18,75224.27,FALSE,A,151315,57.36,3.045,NA,NA,NA,NA,NA,213.2478853,7.742
1_38,1,38,2011-02-25,66624.1,FALSE,A,151315,62.9,3.065,NA,NA,NA,NA,NA,213.535609,7.742
1_38,1,38,2011-03-04,89649.84,FALSE,A,151315,59.58,3.288,NA,NA,NA,NA,NA,213.8233327,7.742
1_38,1,38,2011-03-11,65990.45,FALSE,A,151315,53.56,3.459,NA,NA,NA,NA,NA,214.1110564,7.742
1_38,1,38,2011-03-18,69452.49,FALSE,A,151315,62.76,3.488,NA,NA,NA,NA,NA,214.3627114,7.742
1_38,1,38,2011-03-25,69677.06,FALSE,A,151315,69.97,3.473,NA,NA,NA,NA,NA,214.5999389,7.742
1_38,1,38,2011-04-01,74614.02,FALSE,A,151315,59.17,3.524,NA,NA,NA,NA,NA,214.8371664,7.682
1_38,1,38,2011-04-08,84294.6,FALSE,A,151315,67.84,3.622,NA,NA,NA,NA,NA,215.0743939,7.682
1_38,1,38,2011-04-15,76028.75,FALSE,A,151315,71.27,3.743,NA,NA,NA,NA,NA,215.2918561,7.682
1_38,1,38,2011-04-22,66718.84,FALSE,A,151315,72.99,3.807,NA,NA,NA,NA,NA,215.4599053,7.682
1_38,1,38,2011-04-29,82034.82,FALSE,A,151315,72.03,3.81,NA,NA,NA,NA,NA,215.6279544,7.682
1_38,1,38,2011-05-06,87761.73,FALSE,A,151315,64.61,3.906,NA,NA,NA,NA,NA,215.7960035,7.682
1_38,1,38,2011-05-13,100494.82,FALSE,A,151315,75.64,3.899,NA,NA,NA,NA,NA,215.9640526,7.682
1_38,1,38,2011-05-20,84842.8,FALSE,A,151315,67.63,3.907,NA,NA,NA,NA,NA,215.7339202,7.682
1_38,1,38,2011-05-27,70061.97,FALSE,A,151315,77.72,3.786,NA,NA,NA,NA,NA,215.5037878,7.682
1_38,1,38,2011-06-03,89269.8,FALSE,A,151315,83,3.699,NA,NA,NA,NA,NA,215.2736553,7.682
1_38,1,38,2011-06-10,73273.96,FALSE,A,151315,83.13,3.648,NA,NA,NA,NA,NA,215.0435229,7.682
1_38,1,38,2011-06-17,72699.23,FALSE,A,151315,86.41,3.637,NA,NA,NA,NA,NA,214.9980596,7.682
1_38,1,38,2011-06-24,69283.24,FALSE,A,151315,83.58,3.594,NA,NA,NA,NA,NA,215.0910982,7.682
1_38,1,38,2011-07-01,68879.85,FALSE,A,151315,85.55,3.524,NA,NA,NA,NA,NA,215.1841368,7.962
1_38,1,38,2011-07-08,70660.17,FALSE,A,151315,85.83,3.48,NA,NA,NA,NA,NA,215.2771754,7.962
1_38,1,38,2011-07-15,81709.41,FALSE,A,151315,88.54,3.575,NA,NA,NA,NA,NA,215.3611087,7.962
1_38,1,38,2011-07-22,65138.27,FALSE,A,151315,85.77,3.651,NA,NA,NA,NA,NA,215.4222784,7.962
1_38,1,38,2011-07-29,68425.21,FALSE,A,151315,86.83,3.682,NA,NA,NA,NA,NA,215.4834482,7.962
1_38,1,38,2011-08-05,96719.55,FALSE,A,151315,91.65,3.684,NA,NA,NA,NA,NA,215.544618,7.962
1_38,1,38,2011-08-12,69572.84,FALSE,A,151315,90.76,3.638,NA,NA,NA,NA,NA,215.6057878,7.962
1_38,1,38,2011-08-19,71090.57,FALSE,A,151315,89.94,3.554,NA,NA,NA,NA,NA,215.6693107,7.962
1_38,1,38,2011-08-26,60459.08,FALSE,A,151315,87.96,3.523,NA,NA,NA,NA,NA,215.7332258,7.962
1_38,1,38,2011-09-02,86374.76,FALSE,A,151315,87.83,3.533,NA,NA,NA,NA,NA,215.7971409,7.962
1_38,1,38,2011-09-09,77634.79,TRUE,A,151315,76,3.546,NA,NA,NA,NA,NA,215.861056,7.962
1_38,1,38,2011-09-16,73226.9,FALSE,A,151315,79.94,3.526,NA,NA,NA,NA,NA,216.0410526,7.962
1_38,1,38,2011-09-23,71469.16,FALSE,A,151315,75.8,3.467,NA,NA,NA,NA,NA,216.3758246,7.962
1_38,1,38,2011-09-30,72839.02,FALSE,A,151315,79.69,3.355,NA,NA,NA,NA,NA,216.7105965,7.962
1_38,1,38,2011-10-07,83059.47,FALSE,A,151315,69.31,3.285,NA,NA,NA,NA,NA,217.0453684,7.866
1_38,1,38,2011-10-14,67590.65,FALSE,A,151315,71.74,3.274,NA,NA,NA,NA,NA,217.3552733,7.866
1_38,1,38,2011-10-21,76702.9,FALSE,A,151315,63.71,3.353,NA,NA,NA,NA,NA,217.5159762,7.866
1_38,1,38,2011-10-28,67148.18,FALSE,A,151315,66.57,3.372,NA,NA,NA,NA,NA,217.6766791,7.866
1_38,1,38,2011-11-04,115249.43,FALSE,A,151315,54.98,3.332,NA,NA,NA,NA,NA,217.837382,7.866
1_38,1,38,2011-11-11,86946.05,FALSE,A,151315,59.11,3.297,10382.9,6115.67,215.07,2406.62,6551.42,217.9980849,7.866
1_38,1,38,2011-11-18,70210.07,FALSE,A,151315,62.25,3.308,6074.12,254.39,51.98,427.39,5988.57,218.2205088,7.866
1_38,1,38,2011-11-25,57562.29,TRUE,A,151315,60.14,3.236,410.31,98,55805.51,8,554.92,218.4676211,7.866
1_38,1,38,2011-12-02,98037.09,FALSE,A,151315,48.91,3.172,5629.51,68,1398.11,2084.64,20475.32,218.7147333,7.866
1_38,1,38,2011-12-09,83237.41,FALSE,A,151315,43.93,3.158,4640.65,19,105.02,3639.42,14461.82,218.9618456,7.866
1_38,1,38,2011-12-16,77567.96,FALSE,A,151315,51.63,3.159,5011.32,67,347.37,225.79,4011.37,219.1794533,7.866
1_38,1,38,2011-12-23,65636.08,FALSE,A,151315,47.96,3.112,2725.36,40.48,634.7,24.9,2739.43,219.3577216,7.866
1_38,1,38,2011-12-30,63659.49,TRUE,A,151315,44.55,3.129,5762.1,46011.38,260.36,983.65,4735.78,219.5359898,7.866
1_38,1,38,2012-01-06,90770.82,FALSE,A,151315,49.01,3.157,6277.39,21813.16,143.1,1450.13,8483,219.7142581,7.348
1_38,1,38,2012-01-13,73539.46,FALSE,A,151315,48.53,3.261,5183.29,8025.87,42.24,453.08,3719.38,219.8925263,7.348
1_38,1,38,2012-01-20,78264.14,FALSE,A,151315,54.11,3.268,4139.87,2807.19,33.88,500.62,3400.21,219.9856893,7.348
1_38,1,38,2012-01-27,67827.4,FALSE,A,151315,54.26,3.29,1164.46,1082.74,44,11,1222.19,220.0788523,7.348
1_38,1,38,2012-02-03,89029.26,FALSE,A,151315,56.55,3.36,34577.06,3579.21,160.53,32403.87,5630.4,220.1720153,7.348
1_38,1,38,2012-02-10,78072.5,TRUE,A,151315,48.02,3.409,13925.06,6927.23,101.64,8471.88,6886.04,220.2651783,7.348
1_38,1,38,2012-02-17,91386.12,FALSE,A,151315,45.32,3.51,9873.33,11062.27,9.8,8409.31,3402.66,220.4257586,7.348
1_38,1,38,2012-02-24,72314.41,FALSE,A,151315,57.25,3.555,9349.61,7556.01,3.2,1219.92,8143.59,220.636902,7.348
1_38,1,38,2012-03-02,93103.43,FALSE,A,151315,60.96,3.63,15441.4,1569,10.8,25390.88,8067.61,220.8480454,7.348
1_38,1,38,2012-03-09,88138.04,FALSE,A,151315,58.76,3.669,10331.04,151.88,6,671.43,5509.84,221.0591887,7.348
1_38,1,38,2012-03-16,68900.29,FALSE,A,151315,64.74,3.734,4298.16,7.5,2.02,2724.65,2017.69,221.2118132,7.348
1_38,1,38,2012-03-23,76834.09,FALSE,A,151315,65.93,3.787,6118.56,9.48,4.97,426.72,3657.22,221.2864126,7.348
1_38,1,38,2012-03-30,83931.07,FALSE,A,151315,67.61,3.845,10309.58,0.5,10.25,1654.17,2642.78,221.3610119,7.348
1_38,1,38,2012-04-06,98092.62,FALSE,A,151315,70.43,3.891,10121.97,NA,77.98,3750.59,4510.72,221.4356112,7.143
1_38,1,38,2012-04-13,74197.08,FALSE,A,151315,69.07,3.891,6186.19,3288.69,17.07,1822.55,1063.78,221.5102105,7.143
1_38,1,38,2012-04-20,74827.84,FALSE,A,151315,66.76,3.877,2230.8,612.02,19.75,275.13,5747.1,221.5640737,7.143
1_38,1,38,2012-04-27,66399.89,FALSE,A,151315,67.23,3.814,3221.25,NA,35.49,577.14,6222.25,221.6179368,7.143
1_38,1,38,2012-05-04,90029.42,FALSE,A,151315,75.55,3.749,21290.13,NA,69.89,4977.35,3261.04,221.6718,7.143
1_38,1,38,2012-05-11,70261.48,FALSE,A,151315,73.77,3.688,8351.4,NA,10.52,2443.14,3127.88,221.7256632,7.143
1_38,1,38,2012-05-18,81332.67,FALSE,A,151315,70.33,3.63,6154.14,NA,45.11,1675.49,5508.18,221.742674,7.143
1_38,1,38,2012-05-25,76300.01,FALSE,A,151315,77.22,3.561,4039.39,NA,745.19,1429.96,3631.13,221.744944,7.143
1_38,1,38,2012-06-01,74849.19,FALSE,A,151315,77.95,3.501,6086.21,12,370.51,148.75,3690.85,221.7472139,7.143
1_38,1,38,2012-06-08,80344.44,FALSE,A,151315,78.3,3.452,8813.81,116.8,64.55,2652.04,7161.91,221.7494839,7.143
1_38,1,38,2012-06-15,69071.96,FALSE,A,151315,79.35,3.393,5621.99,109.6,0.25,2420.28,3083.26,221.7626421,7.143
1_38,1,38,2012-06-22,73529.71,FALSE,A,151315,78.39,3.346,8624.56,171.25,3.05,2524.07,7063.68,221.8030211,7.143
1_38,1,38,2012-06-29,67658.22,FALSE,A,151315,84.88,3.286,3965.73,161.6,NA,435.99,4212.97,221.8434,7.143
1_38,1,38,2012-07-06,80117.78,FALSE,A,151315,81.57,3.227,12218.76,94.4,192.83,4066.01,6149.04,221.8837789,6.908
1_38,1,38,2012-07-13,66232.11,FALSE,A,151315,77.12,3.256,7218.13,45.2,36.24,3909.38,2596.37,221.9241579,6.908
1_38,1,38,2012-07-20,68235.73,FALSE,A,151315,80.42,3.311,3213,313.72,9.53,2262.02,3228.19,221.9327267,6.908
1_38,1,38,2012-07-27,70457.7,FALSE,A,151315,82.66,3.407,7146.9,389.02,1.59,10267.54,4325.19,221.9412954,6.908
1_38,1,38,2012-08-03,85329.19,FALSE,A,151315,86.11,3.417,27584.78,119.98,30.23,12007.04,4661.71,221.9498642,6.908
1_38,1,38,2012-08-10,74483.32,FALSE,A,151315,85.05,3.494,11436.22,245,6.85,6964.26,4836.22,221.9584329,6.908
1_38,1,38,2012-08-17,85392.47,FALSE,A,151315,84.85,3.571,3662.06,137.86,4.84,2752.2,3446.15,222.0384109,6.908
1_38,1,38,2012-08-24,71295.77,FALSE,A,151315,77.66,3.62,6237.83,260.06,2.97,3463.03,7988.25,222.1719457,6.908
1_38,1,38,2012-08-31,80706.16,FALSE,A,151315,80.49,3.638,21442.73,102.32,21.7,13209.64,3032.96,222.3054805,6.908
1_38,1,38,2012-09-07,70644.8,TRUE,A,151315,83.96,3.73,5204.68,35.74,50.94,4120.32,2737.17,222.4390153,6.908
1_38,1,38,2012-09-14,82186.59,FALSE,A,151315,74.97,3.717,17212.52,7,18.79,1523.11,7992.72,222.5820193,6.908
1_38,1,38,2012-09-21,74195.35,FALSE,A,151315,69.87,3.721,6352.3,7.64,4.69,1010.06,6456.71,222.7818386,6.908
1_38,1,38,2012-09-28,75484.17,FALSE,A,151315,76.08,3.666,3666.27,7.64,1.65,1417.96,4744.28,222.9816579,6.908
1_38,1,38,2012-10-05,74894.95,FALSE,A,151315,68.55,3.617,8077.89,NA,18.22,3617.43,3626.14,223.1814772,6.573
1_38,1,38,2012-10-12,82276.59,FALSE,A,151315,62.99,3.601,2086.18,NA,8.11,602.36,5926.45,223.3812965,6.573
1_38,1,38,2012-10-19,68794.43,FALSE,A,151315,67.97,3.594,950.33,NA,4.93,80.25,2312.85,223.4257233,6.573
1_38,1,38,2012-10-26,66526.76,FALSE,A,151315,69.16,3.506,2585.85,31.75,6,1057.16,1305.01,223.4442513,6.573
1_93,1,93,2010-02-05,64494.87,FALSE,A,151315,42.31,2.572,NA,NA,NA,NA,NA,211.0963582,8.106
1_93,1,93,2010-02-12,70202.02,TRUE,A,151315,38.51,2.548,NA,NA,NA,NA,NA,211.2421698,8.106
1_93,1,93,2010-02-19,62581.64,FALSE,A,151315,39.93,2.514,NA,NA,NA,NA,NA,211.2891429,8.106
1_93,1,93,2010-02-26,57630.02,FALSE,A,151315,46.63,2.561,NA,NA,NA,NA,NA,211.3196429,8.106
1_93,1,93,2010-03-05,63550.08,FALSE,A,151315,46.5,2.625,NA,NA,NA,NA,NA,211.3501429,8.106
1_93,1,93,2010-03-12,63593.12,FALSE,A,151315,57.79,2.667,NA,NA,NA,NA,NA,211.3806429,8.106
1_93,1,93,2010-03-19,62781.44,FALSE,A,151315,54.58,2.72,NA,NA,NA,NA,NA,211.215635,8.106
1_93,1,93,2010-03-26,55082.4,FALSE,A,151315,51.45,2.732,NA,NA,NA,NA,NA,211.0180424,8.106
1_93,1,93,2010-04-02,63245,FALSE,A,151315,62.27,2.719,NA,NA,NA,NA,NA,210.8204499,7.808
1_93,1,93,2010-04-09,66795.56,FALSE,A,151315,65.86,2.77,NA,NA,NA,NA,NA,210.6228574,7.808
1_93,1,93,2010-04-16,67716.6,FALSE,A,151315,66.32,2.808,NA,NA,NA,NA,NA,210.4887,7.808
1_93,1,93,2010-04-23,55781.92,FALSE,A,151315,64.84,2.795,NA,NA,NA,NA,NA,210.4391228,7.808
1_93,1,93,2010-04-30,55901.42,FALSE,A,151315,67.41,2.78,NA,NA,NA,NA,NA,210.3895456,7.808
1_93,1,93,2010-05-07,70383,FALSE,A,151315,72.55,2.835,NA,NA,NA,NA,NA,210.3399684,7.808
1_93,1,93,2010-05-14,68273.13,FALSE,A,151315,74.78,2.854,NA,NA,NA,NA,NA,210.3374261,7.808
1_93,1,93,2010-05-21,60163.57,FALSE,A,151315,76.44,2.826,NA,NA,NA,NA,NA,210.6170934,7.808
1_93,1,93,2010-05-28,60155.18,FALSE,A,151315,80.44,2.759,NA,NA,NA,NA,NA,210.8967606,7.808
1_93,1,93,2010-06-04,71718.04,FALSE,A,151315,80.69,2.705,NA,NA,NA,NA,NA,211.1764278,7.808
1_93,1,93,2010-06-11,74300.41,FALSE,A,151315,80.43,2.668,NA,NA,NA,NA,NA,211.4560951,7.808
1_93,1,93,2010-06-18,69326.03,FALSE,A,151315,84.11,2.637,NA,NA,NA,NA,NA,211.4537719,7.808
1_93,1,93,2010-06-25,57418.46,FALSE,A,151315,84.34,2.653,NA,NA,NA,NA,NA,211.3386526,7.808
1_93,1,93,2010-07-02,69962.56,FALSE,A,151315,80.91,2.669,NA,NA,NA,NA,NA,211.2235333,7.787
1_93,1,93,2010-07-09,78068.53,FALSE,A,151315,80.48,2.642,NA,NA,NA,NA,NA,211.108414,7.787
1_93,1,93,2010-07-16,65960.35,FALSE,A,151315,83.15,2.623,NA,NA,NA,NA,NA,211.1003854,7.787
1_93,1,93,2010-07-23,59219.34,FALSE,A,151315,83.36,2.608,NA,NA,NA,NA,NA,211.2351443,7.787
1_93,1,93,2010-07-30,55362.08,FALSE,A,151315,81.84,2.64,NA,NA,NA,NA,NA,211.3699032,7.787
1_93,1,93,2010-08-06,69274.95,FALSE,A,151315,87.16,2.627,NA,NA,NA,NA,NA,211.5046621,7.787
1_93,1,93,2010-08-13,73460.08,FALSE,A,151315,87,2.692,NA,NA,NA,NA,NA,211.6394211,7.787
1_93,1,93,2010-08-20,61192.75,FALSE,A,151315,86.65,2.664,NA,NA,NA,NA,NA,211.6033633,7.787
1_93,1,93,2010-08-27,55448.05,FALSE,A,151315,85.22,2.619,NA,NA,NA,NA,NA,211.5673056,7.787
1_93,1,93,2010-09-03,68070.49,FALSE,A,151315,81.21,2.577,NA,NA,NA,NA,NA,211.5312479,7.787
1_93,1,93,2010-09-10,74834.54,TRUE,A,151315,78.69,2.565,NA,NA,NA,NA,NA,211.4951902,7.787
1_93,1,93,2010-09-17,68491.35,FALSE,A,151315,82.11,2.582,NA,NA,NA,NA,NA,211.5224596,7.787
1_93,1,93,2010-09-24,57661.06,FALSE,A,151315,80.94,2.624,NA,NA,NA,NA,NA,211.5972246,7.787
1_93,1,93,2010-10-01,58034.24,FALSE,A,151315,71.89,2.603,NA,NA,NA,NA,NA,211.6719895,7.838
1_93,1,93,2010-10-08,73532.13,FALSE,A,151315,63.93,2.633,NA,NA,NA,NA,NA,211.7467544,7.838
1_93,1,93,2010-10-15,72397.15,FALSE,A,151315,67.18,2.72,NA,NA,NA,NA,NA,211.8137436,7.838
1_93,1,93,2010-10-22,58959.85,FALSE,A,151315,69.86,2.725,NA,NA,NA,NA,NA,211.8612937,7.838
1_93,1,93,2010-10-29,56830.05,FALSE,A,151315,69.64,2.716,NA,NA,NA,NA,NA,211.9088438,7.838
1_93,1,93,2010-11-05,69542.18,FALSE,A,151315,58.74,2.689,NA,NA,NA,NA,NA,211.9563939,7.838
1_93,1,93,2010-11-12,77214.95,FALSE,A,151315,59.61,2.728,NA,NA,NA,NA,NA,212.003944,7.838
1_93,1,93,2010-11-19,79474.21,FALSE,A,151315,51.41,2.771,NA,NA,NA,NA,NA,211.8896737,7.838
1_93,1,93,2010-11-26,81660.77,TRUE,A,151315,64.52,2.735,NA,NA,NA,NA,NA,211.7484333,7.838
1_93,1,93,2010-12-03,56070.53,FALSE,A,151315,49.27,2.708,NA,NA,NA,NA,NA,211.607193,7.838
1_93,1,93,2010-12-10,72089.33,FALSE,A,151315,46.33,2.843,NA,NA,NA,NA,NA,211.4659526,7.838
1_93,1,93,2010-12-17,75554.92,FALSE,A,151315,49.84,2.869,NA,NA,NA,NA,NA,211.4053124,7.838
1_93,1,93,2010-12-24,85323.12,FALSE,A,151315,52.33,2.886,NA,NA,NA,NA,NA,211.4051222,7.838
1_93,1,93,2010-12-31,56721.18,TRUE,A,151315,48.43,2.943,NA,NA,NA,NA,NA,211.4049321,7.838
1_93,1,93,2011-01-07,72231.45,FALSE,A,151315,48.27,2.976,NA,NA,NA,NA,NA,211.4047419,7.742
1_93,1,93,2011-01-14,74864.89,FALSE,A,151315,35.4,2.983,NA,NA,NA,NA,NA,211.4574109,7.742
1_93,1,93,2011-01-21,62937.08,FALSE,A,151315,44.04,3.016,NA,NA,NA,NA,NA,211.8272343,7.742
1_93,1,93,2011-01-28,57342.51,FALSE,A,151315,43.83,3.01,NA,NA,NA,NA,NA,212.1970577,7.742
1_93,1,93,2011-02-04,77342.47,FALSE,A,151315,42.27,2.989,NA,NA,NA,NA,NA,212.5668812,7.742
1_93,1,93,2011-02-11,74956.08,TRUE,A,151315,36.39,3.022,NA,NA,NA,NA,NA,212.9367046,7.742
1_93,1,93,2011-02-18,72548.7,FALSE,A,151315,57.36,3.045,NA,NA,NA,NA,NA,213.2478853,7.742
1_93,1,93,2011-02-25,59336.68,FALSE,A,151315,62.9,3.065,NA,NA,NA,NA,NA,213.535609,7.742
1_93,1,93,2011-03-04,68960.09,FALSE,A,151315,59.58,3.288,NA,NA,NA,NA,NA,213.8233327,7.742
1_93,1,93,2011-03-11,73648.53,FALSE,A,151315,53.56,3.459,NA,NA,NA,NA,NA,214.1110564,7.742
1_93,1,93,2011-03-18,74159.07,FALSE,A,151315,62.76,3.488,NA,NA,NA,NA,NA,214.3627114,7.742
1_93,1,93,2011-03-25,64882.37,FALSE,A,151315,69.97,3.473,NA,NA,NA,NA,NA,214.5999389,7.742
1_93,1,93,2011-04-01,61488.24,FALSE,A,151315,59.17,3.524,NA,NA,NA,NA,NA,214.8371664,7.682
1_93,1,93,2011-04-08,76943.85,FALSE,A,151315,67.84,3.622,NA,NA,NA,NA,NA,215.0743939,7.682
1_93,1,93,2011-04-15,76596.92,FALSE,A,151315,71.27,3.743,NA,NA,NA,NA,NA,215.2918561,7.682
1_93,1,93,2011-04-22,71114.52,FALSE,A,151315,72.99,3.807,NA,NA,NA,NA,NA,215.4599053,7.682
1_93,1,93,2011-04-29,63144.61,FALSE,A,151315,72.03,3.81,NA,NA,NA,NA,NA,215.6279544,7.682
1_93,1,93,2011-05-06,79231.58,FALSE,A,151315,64.61,3.906,NA,NA,NA,NA,NA,215.7960035,7.682
1_93,1,93,2011-05-13,80678.85,FALSE,A,151315,75.64,3.899,NA,NA,NA,NA,NA,215.9640526,7.682
1_93,1,93,2011-05-20,67912.16,FALSE,A,151315,67.63,3.907,NA,NA,NA,NA,NA,215.7339202,7.682
1_93,1,93,2011-05-27,66607.96,FALSE,A,151315,77.72,3.786,NA,NA,NA,NA,NA,215.5037878,7.682
1_93,1,93,2011-06-03,74984.12,FALSE,A,151315,83,3.699,NA,NA,NA,NA,NA,215.2736553,7.682
1_93,1,93,2011-06-10,81251.13,FALSE,A,151315,83.13,3.648,NA,NA,NA,NA,NA,215.0435229,7.682
1_93,1,93,2011-06-17,78948.63,FALSE,A,151315,86.41,3.637,NA,NA,NA,NA,NA,214.9980596,7.682
1_93,1,93,2011-06-24,64541.85,FALSE,A,151315,83.58,3.594,NA,NA,NA,NA,NA,215.0910982,7.682
1_93,1,93,2011-07-01,68650.5,FALSE,A,151315,85.55,3.524,NA,NA,NA,NA,NA,215.1841368,7.962
1_93,1,93,2011-07-08,80746.97,FALSE,A,151315,85.83,3.48,NA,NA,NA,NA,NA,215.2771754,7.962
1_93,1,93,2011-07-15,75611.67,FALSE,A,151315,88.54,3.575,NA,NA,NA,NA,NA,215.3611087,7.962
1_93,1,93,2011-07-22,67458.01,FALSE,A,151315,85.77,3.651,NA,NA,NA,NA,NA,215.4222784,7.962
1_93,1,93,2011-07-29,58927.26,FALSE,A,151315,86.83,3.682,NA,NA,NA,NA,NA,215.4834482,7.962
1_93,1,93,2011-08-05,74028.8,FALSE,A,151315,91.65,3.684,NA,NA,NA,NA,NA,215.544618,7.962
1_93,1,93,2011-08-12,77994.13,FALSE,A,151315,90.76,3.638,NA,NA,NA,NA,NA,215.6057878,7.962
1_93,1,93,2011-08-19,75368.89,FALSE,A,151315,89.94,3.554,NA,NA,NA,NA,NA,215.6693107,7.962
1_93,1,93,2011-08-26,61528.93,FALSE,A,151315,87.96,3.523,NA,NA,NA,NA,NA,215.7332258,7.962
1_93,1,93,2011-09-02,73692.87,FALSE,A,151315,87.83,3.533,NA,NA,NA,NA,NA,215.7971409,7.962
1_93,1,93,2011-09-09,83809.26,TRUE,A,151315,76,3.546,NA,NA,NA,NA,NA,215.861056,7.962
1_93,1,93,2011-09-16,81435.22,FALSE,A,151315,79.94,3.526,NA,NA,NA,NA,NA,216.0410526,7.962
1_93,1,93,2011-09-23,67516.27,FALSE,A,151315,75.8,3.467,NA,NA,NA,NA,NA,216.3758246,7.962
1_93,1,93,2011-09-30,61812.32,FALSE,A,151315,79.69,3.355,NA,NA,NA,NA,NA,216.7105965,7.962
1_93,1,93,2011-10-07,83366.17,FALSE,A,151315,69.31,3.285,NA,NA,NA,NA,NA,217.0453684,7.866
1_93,1,93,2011-10-14,76235.47,FALSE,A,151315,71.74,3.274,NA,NA,NA,NA,NA,217.3552733,7.866
1_93,1,93,2011-10-21,67370.04,FALSE,A,151315,63.71,3.353,NA,NA,NA,NA,NA,217.5159762,7.866
1_93,1,93,2011-10-28,61848.68,FALSE,A,151315,66.57,3.372,NA,NA,NA,NA,NA,217.6766791,7.866
1_93,1,93,2011-11-04,77943.57,FALSE,A,151315,54.98,3.332,NA,NA,NA,NA,NA,217.837382,7.866
1_93,1,93,2011-11-11,84183.85,FALSE,A,151315,59.11,3.297,10382.9,6115.67,215.07,2406.62,6551.42,217.9980849,7.866
1_93,1,93,2011-11-18,87401.82,FALSE,A,151315,62.25,3.308,6074.12,254.39,51.98,427.39,5988.57,218.2205088,7.866
1_93,1,93,2011-11-25,87760.1,TRUE,A,151315,60.14,3.236,410.31,98,55805.51,8,554.92,218.4676211,7.866
1_93,1,93,2011-12-02,62296.23,FALSE,A,151315,48.91,3.172,5629.51,68,1398.11,2084.64,20475.32,218.7147333,7.866
1_93,1,93,2011-12-09,83931.76,FALSE,A,151315,43.93,3.158,4640.65,19,105.02,3639.42,14461.82,218.9618456,7.866
1_93,1,93,2011-12-16,85789.38,FALSE,A,151315,51.63,3.159,5011.32,67,347.37,225.79,4011.37,219.1794533,7.866
1_93,1,93,2011-12-23,90573.65,FALSE,A,151315,47.96,3.112,2725.36,40.48,634.7,24.9,2739.43,219.3577216,7.866
1_93,1,93,2011-12-30,59286.64,TRUE,A,151315,44.55,3.129,5762.1,46011.38,260.36,983.65,4735.78,219.5359898,7.866
1_93,1,93,2012-01-06,78517.16,FALSE,A,151315,49.01,3.157,6277.39,21813.16,143.1,1450.13,8483,219.7142581,7.348
1_93,1,93,2012-01-13,84485.05,FALSE,A,151315,48.53,3.261,5183.29,8025.87,42.24,453.08,3719.38,219.8925263,7.348
1_93,1,93,2012-01-20,73504.68,FALSE,A,151315,54.11,3.268,4139.87,2807.19,33.88,500.62,3400.21,219.9856893,7.348
1_93,1,93,2012-01-27,63776.99,FALSE,A,151315,54.26,3.29,1164.46,1082.74,44,11,1222.19,220.0788523,7.348
1_93,1,93,2012-02-03,76847.82,FALSE,A,151315,56.55,3.36,34577.06,3579.21,160.53,32403.87,5630.4,220.1720153,7.348
1_93,1,93,2012-02-10,78427.95,TRUE,A,151315,48.02,3.409,13925.06,6927.23,101.64,8471.88,6886.04,220.2651783,7.348
1_93,1,93,2012-02-17,80472.09,FALSE,A,151315,45.32,3.51,9873.33,11062.27,9.8,8409.31,3402.66,220.4257586,7.348
1_93,1,93,2012-02-24,67829.2,FALSE,A,151315,57.25,3.555,9349.61,7556.01,3.2,1219.92,8143.59,220.636902,7.348
1_93,1,93,2012-03-02,73085.02,FALSE,A,151315,60.96,3.63,15441.4,1569,10.8,25390.88,8067.61,220.8480454,7.348
1_93,1,93,2012-03-09,79749.8,FALSE,A,151315,58.76,3.669,10331.04,151.88,6,671.43,5509.84,221.0591887,7.348
1_93,1,93,2012-03-16,81227.75,FALSE,A,151315,64.74,3.734,4298.16,7.5,2.02,2724.65,2017.69,221.2118132,7.348
1_93,1,93,2012-03-23,66710.4,FALSE,A,151315,65.93,3.787,6118.56,9.48,4.97,426.72,3657.22,221.2864126,7.348
1_93,1,93,2012-03-30,67092.89,FALSE,A,151315,67.61,3.845,10309.58,0.5,10.25,1654.17,2642.78,221.3610119,7.348
1_93,1,93,2012-04-06,91384.05,FALSE,A,151315,70.43,3.891,10121.97,NA,77.98,3750.59,4510.72,221.4356112,7.143
1_93,1,93,2012-04-13,82109.08,FALSE,A,151315,69.07,3.891,6186.19,3288.69,17.07,1822.55,1063.78,221.5102105,7.143
1_93,1,93,2012-04-20,70763.97,FALSE,A,151315,66.76,3.877,2230.8,612.02,19.75,275.13,5747.1,221.5640737,7.143
1_93,1,93,2012-04-27,66850.39,FALSE,A,151315,67.23,3.814,3221.25,NA,35.49,577.14,6222.25,221.6179368,7.143
1_93,1,93,2012-05-04,74929.53,FALSE,A,151315,75.55,3.749,21290.13,NA,69.89,4977.35,3261.04,221.6718,7.143
1_93,1,93,2012-05-11,81146.85,FALSE,A,151315,73.77,3.688,8351.4,NA,10.52,2443.14,3127.88,221.7256632,7.143
1_93,1,93,2012-05-18,79074.91,FALSE,A,151315,70.33,3.63,6154.14,NA,45.11,1675.49,5508.18,221.742674,7.143
1_93,1,93,2012-05-25,69792.6,FALSE,A,151315,77.22,3.561,4039.39,NA,745.19,1429.96,3631.13,221.744944,7.143
1_93,1,93,2012-06-01,76925.54,FALSE,A,151315,77.95,3.501,6086.21,12,370.51,148.75,3690.85,221.7472139,7.143
1_93,1,93,2012-06-08,84258.97,FALSE,A,151315,78.3,3.452,8813.81,116.8,64.55,2652.04,7161.91,221.7494839,7.143
1_93,1,93,2012-06-15,85257.31,FALSE,A,151315,79.35,3.393,5621.99,109.6,0.25,2420.28,3083.26,221.7626421,7.143
1_93,1,93,2012-06-22,70235.34,FALSE,A,151315,78.39,3.346,8624.56,171.25,3.05,2524.07,7063.68,221.8030211,7.143
1_93,1,93,2012-06-29,66443.41,FALSE,A,151315,84.88,3.286,3965.73,161.6,NA,435.99,4212.97,221.8434,7.143
1_93,1,93,2012-07-06,97979.96,FALSE,A,151315,81.57,3.227,12218.76,94.4,192.83,4066.01,6149.04,221.8837789,6.908
1_93,1,93,2012-07-13,86203.09,FALSE,A,151315,77.12,3.256,7218.13,45.2,36.24,3909.38,2596.37,221.9241579,6.908
1_93,1,93,2012-07-20,75292.57,FALSE,A,151315,80.42,3.311,3213,313.72,9.53,2262.02,3228.19,221.9327267,6.908
1_93,1,93,2012-07-27,63025.1,FALSE,A,151315,82.66,3.407,7146.9,389.02,1.59,10267.54,4325.19,221.9412954,6.908
1_93,1,93,2012-08-03,73486.9,FALSE,A,151315,86.11,3.417,27584.78,119.98,30.23,12007.04,4661.71,221.9498642,6.908
1_93,1,93,2012-08-10,84119.12,FALSE,A,151315,85.05,3.494,11436.22,245,6.85,6964.26,4836.22,221.9584329,6.908
1_93,1,93,2012-08-17,84700.68,FALSE,A,151315,84.85,3.571,3662.06,137.86,4.84,2752.2,3446.15,222.0384109,6.908
1_93,1,93,2012-08-24,65398.77,FALSE,A,151315,77.66,3.62,6237.83,260.06,2.97,3463.03,7988.25,222.1719457,6.908
1_93,1,93,2012-08-31,71195.75,FALSE,A,151315,80.49,3.638,21442.73,102.32,21.7,13209.64,3032.96,222.3054805,6.908
1_93,1,93,2012-09-07,90651.47,TRUE,A,151315,83.96,3.73,5204.68,35.74,50.94,4120.32,2737.17,222.4390153,6.908
1_93,1,93,2012-09-14,81007.78,FALSE,A,151315,74.97,3.717,17212.52,7,18.79,1523.11,7992.72,222.5820193,6.908
1_93,1,93,2012-09-21,72668.61,FALSE,A,151315,69.87,3.721,6352.3,7.64,4.69,1010.06,6456.71,222.7818386,6.908
1_93,1,93,2012-09-28,63262.59,FALSE,A,151315,76.08,3.666,3666.27,7.64,1.65,1417.96,4744.28,222.9816579,6.908
1_93,1,93,2012-10-05,81868.04,FALSE,A,151315,68.55,3.617,8077.89,NA,18.22,3617.43,3626.14,223.1814772,6.573
1_93,1,93,2012-10-12,84659.27,FALSE,A,151315,62.99,3.601,2086.18,NA,8.11,602.36,5926.45,223.3812965,6.573
1_93,1,93,2012-10-19,75214.29,FALSE,A,151315,67.97,3.594,950.33,NA,4.93,80.25,2312.85,223.4257233,6.573
1_93,1,93,2012-10-26,66622.89,FALSE,A,151315,69.16,3.506,2585.85,31.75,6,1057.16,1305.01,223.4442513,6.573
1_95,1,95,2010-02-05,106690.06,FALSE,A,151315,42.31,2.572,NA,NA,NA,NA,NA,211.0963582,8.106
1_95,1,95,2010-02-12,111390.36,TRUE,A,151315,38.51,2.548,NA,NA,NA,NA,NA,211.2421698,8.106
1_95,1,95,2010-02-19,107952.07,FALSE,A,151315,39.93,2.514,NA,NA,NA,NA,NA,211.2891429,8.106
1_95,1,95,2010-02-26,103652.58,FALSE,A,151315,46.63,2.561,NA,NA,NA,NA,NA,211.3196429,8.106
1_95,1,95,2010-03-05,112807.75,FALSE,A,151315,46.5,2.625,NA,NA,NA,NA,NA,211.3501429,8.106
1_95,1,95,2010-03-12,112048.41,FALSE,A,151315,57.79,2.667,NA,NA,NA,NA,NA,211.3806429,8.106
1_95,1,95,2010-03-19,117716.13,FALSE,A,151315,54.58,2.72,NA,NA,NA,NA,NA,211.215635,8.106
1_95,1,95,2010-03-26,113117.35,FALSE,A,151315,51.45,2.732,NA,NA,NA,NA,NA,211.0180424,8.106
1_95,1,95,2010-04-02,111466.37,FALSE,A,151315,62.27,2.719,NA,NA,NA,NA,NA,210.8204499,7.808
1_95,1,95,2010-04-09,116770.82,FALSE,A,151315,65.86,2.77,NA,NA,NA,NA,NA,210.6228574,7.808
1_95,1,95,2010-04-16,126341.84,FALSE,A,151315,66.32,2.808,NA,NA,NA,NA,NA,210.4887,7.808
1_95,1,95,2010-04-23,110204.77,FALSE,A,151315,64.84,2.795,NA,NA,NA,NA,NA,210.4391228,7.808
1_95,1,95,2010-04-30,107648.14,FALSE,A,151315,67.41,2.78,NA,NA,NA,NA,NA,210.3895456,7.808
1_95,1,95,2010-05-07,125592.28,FALSE,A,151315,72.55,2.835,NA,NA,NA,NA,NA,210.3399684,7.808
1_95,1,95,2010-05-14,120247.9,FALSE,A,151315,74.78,2.854,NA,NA,NA,NA,NA,210.3374261,7.808
1_95,1,95,2010-05-21,120036.99,FALSE,A,151315,76.44,2.826,NA,NA,NA,NA,NA,210.6170934,7.808
1_95,1,95,2010-05-28,121902.19,FALSE,A,151315,80.44,2.759,NA,NA,NA,NA,NA,210.8967606,7.808
1_95,1,95,2010-06-04,133056.97,FALSE,A,151315,80.69,2.705,NA,NA,NA,NA,NA,211.1764278,7.808
1_95,1,95,2010-06-11,131995,FALSE,A,151315,80.43,2.668,NA,NA,NA,NA,NA,211.4560951,7.808
1_95,1,95,2010-06-18,134118.05,FALSE,A,151315,84.11,2.637,NA,NA,NA,NA,NA,211.4537719,7.808
1_95,1,95,2010-06-25,120172.47,FALSE,A,151315,84.34,2.653,NA,NA,NA,NA,NA,211.3386526,7.808
1_95,1,95,2010-07-02,124821.44,FALSE,A,151315,80.91,2.669,NA,NA,NA,NA,NA,211.2235333,7.787
1_95,1,95,2010-07-09,126241.2,FALSE,A,151315,80.48,2.642,NA,NA,NA,NA,NA,211.108414,7.787
1_95,1,95,2010-07-16,121386.73,FALSE,A,151315,83.15,2.623,NA,NA,NA,NA,NA,211.1003854,7.787
1_95,1,95,2010-07-23,116256.35,FALSE,A,151315,83.36,2.608,NA,NA,NA,NA,NA,211.2351443,7.787
1_95,1,95,2010-07-30,108781.57,FALSE,A,151315,81.84,2.64,NA,NA,NA,NA,NA,211.3699032,7.787
1_95,1,95,2010-08-06,131128.96,FALSE,A,151315,87.16,2.627,NA,NA,NA,NA,NA,211.5046621,7.787
1_95,1,95,2010-08-13,131288.83,FALSE,A,151315,87,2.692,NA,NA,NA,NA,NA,211.6394211,7.787
1_95,1,95,2010-08-20,124601.48,FALSE,A,151315,86.65,2.664,NA,NA,NA,NA,NA,211.6033633,7.787
1_95,1,95,2010-08-27,117929.58,FALSE,A,151315,85.22,2.619,NA,NA,NA,NA,NA,211.5673056,7.787
1_95,1,95,2010-09-03,124220.1,FALSE,A,151315,81.21,2.577,NA,NA,NA,NA,NA,211.5312479,7.787
1_95,1,95,2010-09-10,125027.49,TRUE,A,151315,78.69,2.565,NA,NA,NA,NA,NA,211.4951902,7.787
1_95,1,95,2010-09-17,124372.9,FALSE,A,151315,82.11,2.582,NA,NA,NA,NA,NA,211.5224596,7.787
1_95,1,95,2010-09-24,114702.69,FALSE,A,151315,80.94,2.624,NA,NA,NA,NA,NA,211.5972246,7.787
1_95,1,95,2010-10-01,113009.41,FALSE,A,151315,71.89,2.603,NA,NA,NA,NA,NA,211.6719895,7.838
1_95,1,95,2010-10-08,120764.22,FALSE,A,151315,63.93,2.633,NA,NA,NA,NA,NA,211.7467544,7.838
1_95,1,95,2010-10-15,123510.99,FALSE,A,151315,67.18,2.72,NA,NA,NA,NA,NA,211.8137436,7.838
1_95,1,95,2010-10-22,110052.15,FALSE,A,151315,69.86,2.725,NA,NA,NA,NA,NA,211.8612937,7.838
1_95,1,95,2010-10-29,105793.4,FALSE,A,151315,69.64,2.716,NA,NA,NA,NA,NA,211.9088438,7.838
1_95,1,95,2010-11-05,110332.92,FALSE,A,151315,58.74,2.689,NA,NA,NA,NA,NA,211.9563939,7.838
1_95,1,95,2010-11-12,110209.31,FALSE,A,151315,59.61,2.728,NA,NA,NA,NA,NA,212.003944,7.838
1_95,1,95,2010-11-19,107544.02,FALSE,A,151315,51.41,2.771,NA,NA,NA,NA,NA,211.8896737,7.838
1_95,1,95,2010-11-26,106015.41,TRUE,A,151315,64.52,2.735,NA,NA,NA,NA,NA,211.7484333,7.838
1_95,1,95,2010-12-03,100834.31,FALSE,A,151315,49.27,2.708,NA,NA,NA,NA,NA,211.607193,7.838
1_95,1,95,2010-12-10,111384.36,FALSE,A,151315,46.33,2.843,NA,NA,NA,NA,NA,211.4659526,7.838
1_95,1,95,2010-12-17,116521.67,FALSE,A,151315,49.84,2.869,NA,NA,NA,NA,NA,211.4053124,7.838
1_95,1,95,2010-12-24,121695.13,FALSE,A,151315,52.33,2.886,NA,NA,NA,NA,NA,211.4051222,7.838
1_95,1,95,2010-12-31,93676.95,TRUE,A,151315,48.43,2.943,NA,NA,NA,NA,NA,211.4049321,7.838
1_95,1,95,2011-01-07,107317.32,FALSE,A,151315,48.27,2.976,NA,NA,NA,NA,NA,211.4047419,7.742
1_95,1,95,2011-01-14,109955.9,FALSE,A,151315,35.4,2.983,NA,NA,NA,NA,NA,211.4574109,7.742
1_95,1,95,2011-01-21,103724.16,FALSE,A,151315,44.04,3.016,NA,NA,NA,NA,NA,211.8272343,7.742
1_95,1,95,2011-01-28,99043.34,FALSE,A,151315,43.83,3.01,NA,NA,NA,NA,NA,212.1970577,7.742
1_95,1,95,2011-02-04,114270.08,FALSE,A,151315,42.27,2.989,NA,NA,NA,NA,NA,212.5668812,7.742
1_95,1,95,2011-02-11,117548.75,TRUE,A,151315,36.39,3.022,NA,NA,NA,NA,NA,212.9367046,7.742
1_95,1,95,2011-02-18,112165.8,FALSE,A,151315,57.36,3.045,NA,NA,NA,NA,NA,213.2478853,7.742
1_95,1,95,2011-02-25,107742.95,FALSE,A,151315,62.9,3.065,NA,NA,NA,NA,NA,213.535609,7.742
1_95,1,95,2011-03-04,116225.68,FALSE,A,151315,59.58,3.288,NA,NA,NA,NA,NA,213.8233327,7.742
1_95,1,95,2011-03-11,120621.32,FALSE,A,151315,53.56,3.459,NA,NA,NA,NA,NA,214.1110564,7.742
1_95,1,95,2011-03-18,123405.41,FALSE,A,151315,62.76,3.488,NA,NA,NA,NA,NA,214.3627114,7.742
1_95,1,95,2011-03-25,122280.13,FALSE,A,151315,69.97,3.473,NA,NA,NA,NA,NA,214.5999389,7.742
1_95,1,95,2011-04-01,112905.09,FALSE,A,151315,59.17,3.524,NA,NA,NA,NA,NA,214.8371664,7.682
1_95,1,95,2011-04-08,126746.25,FALSE,A,151315,67.84,3.622,NA,NA,NA,NA,NA,215.0743939,7.682
1_95,1,95,2011-04-15,126834.3,FALSE,A,151315,71.27,3.743,NA,NA,NA,NA,NA,215.2918561,7.682
1_95,1,95,2011-04-22,118632.26,FALSE,A,151315,72.99,3.807,NA,NA,NA,NA,NA,215.4599053,7.682
1_95,1,95,2011-04-29,111764.31,FALSE,A,151315,72.03,3.81,NA,NA,NA,NA,NA,215.6279544,7.682
1_95,1,95,2011-05-06,120882.84,FALSE,A,151315,64.61,3.906,NA,NA,NA,NA,NA,215.7960035,7.682
1_95,1,95,2011-05-13,124953.94,FALSE,A,151315,75.64,3.899,NA,NA,NA,NA,NA,215.9640526,7.682
1_95,1,95,2011-05-20,112581.2,FALSE,A,151315,67.63,3.907,NA,NA,NA,NA,NA,215.7339202,7.682
1_95,1,95,2011-05-27,119815.67,FALSE,A,151315,77.72,3.786,NA,NA,NA,NA,NA,215.5037878,7.682
1_95,1,95,2011-06-03,135260.49,FALSE,A,151315,83,3.699,NA,NA,NA,NA,NA,215.2736553,7.682
1_95,1,95,2011-06-10,136364.46,FALSE,A,151315,83.13,3.648,NA,NA,NA,NA,NA,215.0435229,7.682
1_95,1,95,2011-06-17,135197.63,FALSE,A,151315,86.41,3.637,NA,NA,NA,NA,NA,214.9980596,7.682
1_95,1,95,2011-06-24,121814.84,FALSE,A,151315,83.58,3.594,NA,NA,NA,NA,NA,215.0910982,7.682
1_95,1,95,2011-07-01,128054.88,FALSE,A,151315,85.55,3.524,NA,NA,NA,NA,NA,215.1841368,7.962
1_95,1,95,2011-07-08,133213.04,FALSE,A,151315,85.83,3.48,NA,NA,NA,NA,NA,215.2771754,7.962
1_95,1,95,2011-07-15,127906.5,FALSE,A,151315,88.54,3.575,NA,NA,NA,NA,NA,215.3611087,7.962
1_95,1,95,2011-07-22,121483.11,FALSE,A,151315,85.77,3.651,NA,NA,NA,NA,NA,215.4222784,7.962
1_95,1,95,2011-07-29,117284.94,FALSE,A,151315,86.83,3.682,NA,NA,NA,NA,NA,215.4834482,7.962
1_95,1,95,2011-08-05,138538.47,FALSE,A,151315,91.65,3.684,NA,NA,NA,NA,NA,215.544618,7.962
1_95,1,95,2011-08-12,138567.1,FALSE,A,151315,90.76,3.638,NA,NA,NA,NA,NA,215.6057878,7.962
1_95,1,95,2011-08-19,133260.84,FALSE,A,151315,89.94,3.554,NA,NA,NA,NA,NA,215.6693107,7.962
1_95,1,95,2011-08-26,122721.92,FALSE,A,151315,87.96,3.523,NA,NA,NA,NA,NA,215.7332258,7.962
1_95,1,95,2011-09-02,130446.34,FALSE,A,151315,87.83,3.533,NA,NA,NA,NA,NA,215.7971409,7.962
1_95,1,95,2011-09-09,133762.77,TRUE,A,151315,76,3.546,NA,NA,NA,NA,NA,215.861056,7.962
1_95,1,95,2011-09-16,133939.4,FALSE,A,151315,79.94,3.526,NA,NA,NA,NA,NA,216.0410526,7.962
1_95,1,95,2011-09-23,116165.28,FALSE,A,151315,75.8,3.467,NA,NA,NA,NA,NA,216.3758246,7.962
1_95,1,95,2011-09-30,115663.78,FALSE,A,151315,79.69,3.355,NA,NA,NA,NA,NA,216.7105965,7.962
1_95,1,95,2011-10-07,132805.42,FALSE,A,151315,69.31,3.285,NA,NA,NA,NA,NA,217.0453684,7.866
1_95,1,95,2011-10-14,125954.3,FALSE,A,151315,71.74,3.274,NA,NA,NA,NA,NA,217.3552733,7.866
1_95,1,95,2011-10-21,116931.34,FALSE,A,151315,63.71,3.353,NA,NA,NA,NA,NA,217.5159762,7.866
1_95,1,95,2011-10-28,108018.21,FALSE,A,151315,66.57,3.372,NA,NA,NA,NA,NA,217.6766791,7.866
1_95,1,95,2011-11-04,114793.92,FALSE,A,151315,54.98,3.332,NA,NA,NA,NA,NA,217.837382,7.866
1_95,1,95,2011-11-11,115047.16,FALSE,A,151315,59.11,3.297,10382.9,6115.67,215.07,2406.62,6551.42,217.9980849,7.866
1_95,1,95,2011-11-18,113966.34,FALSE,A,151315,62.25,3.308,6074.12,254.39,51.98,427.39,5988.57,218.2205088,7.866
1_95,1,95,2011-11-25,112688.97,TRUE,A,151315,60.14,3.236,410.31,98,55805.51,8,554.92,218.4676211,7.866
1_95,1,95,2011-12-02,102798.99,FALSE,A,151315,48.91,3.172,5629.51,68,1398.11,2084.64,20475.32,218.7147333,7.866
1_95,1,95,2011-12-09,119053.8,FALSE,A,151315,43.93,3.158,4640.65,19,105.02,3639.42,14461.82,218.9618456,7.866
1_95,1,95,2011-12-16,120721.07,FALSE,A,151315,51.63,3.159,5011.32,67,347.37,225.79,4011.37,219.1794533,7.866
1_95,1,95,2011-12-23,125041.39,FALSE,A,151315,47.96,3.112,2725.36,40.48,634.7,24.9,2739.43,219.3577216,7.866
1_95,1,95,2011-12-30,93358.91,TRUE,A,151315,44.55,3.129,5762.1,46011.38,260.36,983.65,4735.78,219.5359898,7.866
1_95,1,95,2012-01-06,116427.93,FALSE,A,151315,49.01,3.157,6277.39,21813.16,143.1,1450.13,8483,219.7142581,7.348
1_95,1,95,2012-01-13,118685.12,FALSE,A,151315,48.53,3.261,5183.29,8025.87,42.24,453.08,3719.38,219.8925263,7.348
1_95,1,95,2012-01-20,113021.23,FALSE,A,151315,54.11,3.268,4139.87,2807.19,33.88,500.62,3400.21,219.9856893,7.348
1_95,1,95,2012-01-27,102202.04,FALSE,A,151315,54.26,3.29,1164.46,1082.74,44,11,1222.19,220.0788523,7.348
1_95,1,95,2012-02-03,115507.25,FALSE,A,151315,56.55,3.36,34577.06,3579.21,160.53,32403.87,5630.4,220.1720153,7.348
1_95,1,95,2012-02-10,125038.09,TRUE,A,151315,48.02,3.409,13925.06,6927.23,101.64,8471.88,6886.04,220.2651783,7.348
1_95,1,95,2012-02-17,119807.63,FALSE,A,151315,45.32,3.51,9873.33,11062.27,9.8,8409.31,3402.66,220.4257586,7.348
1_95,1,95,2012-02-24,110870.94,FALSE,A,151315,57.25,3.555,9349.61,7556.01,3.2,1219.92,8143.59,220.636902,7.348
1_95,1,95,2012-03-02,118406.27,FALSE,A,151315,60.96,3.63,15441.4,1569,10.8,25390.88,8067.61,220.8480454,7.348
1_95,1,95,2012-03-09,125840.82,FALSE,A,151315,58.76,3.669,10331.04,151.88,6,671.43,5509.84,221.0591887,7.348
1_95,1,95,2012-03-16,132318.5,FALSE,A,151315,64.74,3.734,4298.16,7.5,2.02,2724.65,2017.69,221.2118132,7.348
1_95,1,95,2012-03-23,117030.73,FALSE,A,151315,65.93,3.787,6118.56,9.48,4.97,426.72,3657.22,221.2864126,7.348
1_95,1,95,2012-03-30,127706,FALSE,A,151315,67.61,3.845,10309.58,0.5,10.25,1654.17,2642.78,221.3610119,7.348
1_95,1,95,2012-04-06,137958.76,FALSE,A,151315,70.43,3.891,10121.97,NA,77.98,3750.59,4510.72,221.4356112,7.143
1_95,1,95,2012-04-13,129438.22,FALSE,A,151315,69.07,3.891,6186.19,3288.69,17.07,1822.55,1063.78,221.5102105,7.143
1_95,1,95,2012-04-20,123172.79,FALSE,A,151315,66.76,3.877,2230.8,612.02,19.75,275.13,5747.1,221.5640737,7.143
1_95,1,95,2012-04-27,118589.44,FALSE,A,151315,67.23,3.814,3221.25,NA,35.49,577.14,6222.25,221.6179368,7.143
1_95,1,95,2012-05-04,130920.36,FALSE,A,151315,75.55,3.749,21290.13,NA,69.89,4977.35,3261.04,221.6718,7.143
1_95,1,95,2012-05-11,131341.85,FALSE,A,151315,73.77,3.688,8351.4,NA,10.52,2443.14,3127.88,221.7256632,7.143
1_95,1,95,2012-05-18,129031.19,FALSE,A,151315,70.33,3.63,6154.14,NA,45.11,1675.49,5508.18,221.742674,7.143
1_95,1,95,2012-05-25,127603,FALSE,A,151315,77.22,3.561,4039.39,NA,745.19,1429.96,3631.13,221.744944,7.143
1_95,1,95,2012-06-01,130573.37,FALSE,A,151315,77.95,3.501,6086.21,12,370.51,148.75,3690.85,221.7472139,7.143
1_95,1,95,2012-06-08,139857.1,FALSE,A,151315,78.3,3.452,8813.81,116.8,64.55,2652.04,7161.91,221.7494839,7.143
1_95,1,95,2012-06-15,140806.36,FALSE,A,151315,79.35,3.393,5621.99,109.6,0.25,2420.28,3083.26,221.7626421,7.143
1_95,1,95,2012-06-22,124594.4,FALSE,A,151315,78.39,3.346,8624.56,171.25,3.05,2524.07,7063.68,221.8030211,7.143
1_95,1,95,2012-06-29,131935.56,FALSE,A,151315,84.88,3.286,3965.73,161.6,NA,435.99,4212.97,221.8434,7.143
1_95,1,95,2012-07-06,148798.05,FALSE,A,151315,81.57,3.227,12218.76,94.4,192.83,4066.01,6149.04,221.8837789,6.908
1_95,1,95,2012-07-13,129724.74,FALSE,A,151315,77.12,3.256,7218.13,45.2,36.24,3909.38,2596.37,221.9241579,6.908
1_95,1,95,2012-07-20,126861.49,FALSE,A,151315,80.42,3.311,3213,313.72,9.53,2262.02,3228.19,221.9327267,6.908
1_95,1,95,2012-07-27,121030.79,FALSE,A,151315,82.66,3.407,7146.9,389.02,1.59,10267.54,4325.19,221.9412954,6.908
1_95,1,95,2012-08-03,134832.22,FALSE,A,151315,86.11,3.417,27584.78,119.98,30.23,12007.04,4661.71,221.9498642,6.908
1_95,1,95,2012-08-10,137408.2,FALSE,A,151315,85.05,3.494,11436.22,245,6.85,6964.26,4836.22,221.9584329,6.908
1_95,1,95,2012-08-17,136264.68,FALSE,A,151315,84.85,3.571,3662.06,137.86,4.84,2752.2,3446.15,222.0384109,6.908
1_95,1,95,2012-08-24,118845.34,FALSE,A,151315,77.66,3.62,6237.83,260.06,2.97,3463.03,7988.25,222.1719457,6.908
1_95,1,95,2012-08-31,124741.33,FALSE,A,151315,80.49,3.638,21442.73,102.32,21.7,13209.64,3032.96,222.3054805,6.908
1_95,1,95,2012-09-07,140657.4,TRUE,A,151315,83.96,3.73,5204.68,35.74,50.94,4120.32,2737.17,222.4390153,6.908
1_95,1,95,2012-09-14,128542.73,FALSE,A,151315,74.97,3.717,17212.52,7,18.79,1523.11,7992.72,222.5820193,6.908
1_95,1,95,2012-09-21,119121.35,FALSE,A,151315,69.87,3.721,6352.3,7.64,4.69,1010.06,6456.71,222.7818386,6.908
1_95,1,95,2012-09-28,115326.47,FALSE,A,151315,76.08,3.666,3666.27,7.64,1.65,1417.96,4744.28,222.9816579,6.908
1_95,1,95,2012-10-05,127009.22,FALSE,A,151315,68.55,3.617,8077.89,NA,18.22,3617.43,3626.14,223.1814772,6.573
1_95,1,95,2012-10-12,124559.93,FALSE,A,151315,62.99,3.601,2086.18,NA,8.11,602.36,5926.45,223.3812965,6.573
1_95,1,95,2012-10-19,123346.24,FALSE,A,151315,67.97,3.594,950.33,NA,4.93,80.25,2312.85,223.4257233,6.573
1_95,1,95,2012-10-26,117375.38,FALSE,A,151315,69.16,3.506,2585.85,31.75,6,1057.16,1305.01,223.4442513,6.573
